timestamp_epoch	surf_min	surf_max	surf_humanRelation	swell_0_height	swell_0_period	swell_0_impact	swell_0_direction	swell_0_directionMin	swell_0_optimalScore	swell_1_height	swell_1_period	swell_1_impact	swell_1_direction	swell_1_directionMin	swell_1_optimalScore	swell_2_height	swell_2_period	swell_2_impact	swell_2_direction	swell_2_directionMin	swell_2_optimalScore	swell_3_height	swell_3_period	swell_3_impact	swell_3_direction	swell_3_directionMin	swell_3_optimalScore	swell_4_height	swell_4_period	swell_4_impact	swell_4_direction	swell_4_directionMin	swell_4_optimalScore	swell_5_height	swell_5_period	swell_5_impact	swell_5_direction	swell_5_directionMin	swell_5_optimalScore	timestamp_utc	rating
1680148800	0.0	0.6920383333333333	Shin to knee	3.21	7	0.0	64.18	53.48	0	0.58	13	0.13	79.99	74.66	0	0.33	5	0.23	212.31	206.37	0	0.29	6	0.25	158.73	154.76	0	0.26	7	0.21	131.16	126.98	0	0.0	0	0.0	0.0	0.0	0	2023-03-30 04:00:00	Y
1680152400	0.0	0.747375	Shin to knee	3.08	7	0.0	65.32	54.93	0	0.57	13	0.14	80.19	74.94	0	0.32	5	0.22	213.08	206.94	0	0.29	6	0.25	158.53	154.62	0	0.24	7	0.2	131.78	127.28	0	0.0	0	0.0	0.0	0.0	0	2023-03-30 05:00:00	Y
1680156000	0.0	0.7979	Shin to knee	2.98	7	0.0	66.26	56.23	0	0.55	13	0.13	78.92	73.79	0	0.29	5	0.2	214.15	208.13	0	0.33	6	0.27	154.66	149.36	0	0.23	7	0.2	129.57	125.22	0	0.0	0	0.0	0.0	0.0	0	2023-03-30 06:00:00	Y
1680159600	0.0	0.848425	Shin to knee	2.88	7	0.0	66.95	57.23	0	0.57	13	0.13	80.29	75.0	0	0.28	5	0.18	214.51	208.3	0	0.41	7	0.29	145.29	137.1	0	0.0	0	0.0	0.0	0.0	0	0.23	13	0.23	121.59	118.02	0	2023-03-30 07:00:00	Y
1680163200	0.0	0.8989500000000001	Shin to knee	2.8	7	0.06	67.69	58.17	0	0.58	13	0.12	79.76	74.31	0	0.26	5	0.16	213.72	206.85	0	0.4	7	0.27	145.54	137.57	0	0.0	0	0.0	0.0	0.0	0	0.24	13	0.22	121.72	118.22	0	2023-03-30 08:00:00	Y
1680166800	0.0	0.9494750000000001	Shin to knee	2.73	7	0.06	68.2	58.93	0	0.58	13	0.12	80.6	75.14	0	0.24	5	0.15	214.13	207.22	0	0.41	7	0.27	145.81	137.85	0	0.0	0	0.0	0.0	0.0	0	0.26	13	0.24	123.16	119.7	0	2023-03-30 09:00:00	Y
1680170400	0.0	1.0	Shin to knee	2.65	7	0.06	68.69	59.57	0	0.58	13	0.12	80.33	74.79	0	0.23	5	0.14	214.16	205.91	0	0.42	6	0.27	143.99	135.45	0	0.0	0	0.0	0.0	0.0	0	0.27	13	0.25	122.81	119.58	0	2023-03-30 10:00:00	Y
1680174000	0.0	1.0	Shin to knee	2.59	7	0.06	69.12	60.14	0	0.58	13	0.12	80.35	75.02	0	0.21	5	0.13	212.94	204.96	0	0.43	6	0.27	143.77	135.24	0	0.0	0	0.0	0.0	0.0	0	0.32	13	0.27	122.64	119.42	0	2023-03-30 11:00:00	Y
1680177600	0.0	0.8934380000000001	Shin to knee	2.52	7	0.05	69.37	60.51	0	0.58	13	0.12	80.84	75.29	0	0.2	5	0.13	212.66	203.52	0	0.44	6	0.27	143.24	134.87	0	0.0	0	0.0	0.0	0.0	0	0.34	13	0.28	122.73	119.55	0	2023-03-30 12:00:00	Y
1680181200	0.0	0.7868760000000001	Shin to knee	2.47	7	0.05	69.51	60.33	0	0.58	13	0.12	81.21	75.69	0	0.0	0	0.0	0.0	0.0	0	0.37	6	0.24	151.77	146.09	0	0.23	7	0.14	122.32	118.59	0	0.36	13	0.29	122.98	119.74	0	2023-03-30 13:00:00	Y
1680184800	0.0	0.6803140000000001	Shin to knee	2.42	7	0.06	69.55	60.71	0	0.57	13	0.14	79.86	74.75	0	0.31	2	0.0	318.91	309.71	0	0.37	6	0.28	152.11	146.45	0	0.23	7	0.18	123.74	119.36	0	0.38	13	0.34	122.42	119.02	0	2023-03-30 14:00:00	Y
1680188400	0.0	0.573752	Shin to knee	2.33	7	0.06	70.36	62.2	0	0.57	13	0.13	80.21	75.16	0	1.15	2	0.0	359.77	345.76	0	0.43	6	0.3	145.15	137.25	0	0.0	0	0.0	0.0	0.0	0	0.39	12	0.33	122.65	119.06	0	2023-03-30 15:00:00	Y
1680192000	0.0	0.5	Flat	0.0	0	0.0	0.0	0.0	0	0.6	13	0.12	79.48	74.22	0	0.0	0	0.0	0.0	0.0	0	0.44	6	0.27	145.27	137.47	0	2.75	7	0.0	55.7	40.77	0	0.39	12	0.29	122.4	118.78	0	2023-03-30 16:00:00	Y
1680195600	0.0	0.5	Flat	0.0	0	0.0	0.0	0.0	0	0.58	13	0.12	79.98	74.8	0	0.0	0	0.0	0.0	0.0	0	0.45	6	0.28	144.43	136.59	0	3.15	7	0.0	53.6	40.05	0	0.38	12	0.28	122.44	118.84	0	2023-03-30 17:00:00	Y
1680199200	0.0	0.4583316666666667	Flat	3.59	4	0.0	53.42	40.27	0	0.6	13	0.12	79.76	74.58	0	0.0	0	0.0	0.0	0.0	0	0.43	6	0.27	146.36	138.98	0	0.0	0	0.0	0.0	0.0	0	0.37	12	0.28	121.93	118.47	0	2023-03-30 18:00:00	Y
1680202800	0.0	0.44947333333333334	Flat	3.76	5	0.0	53.88	40.55	0	0.6	13	0.12	80.2	74.73	0	0.0	0	0.0	0.0	0.0	0	0.44	6	0.28	146.38	139.15	0	0.0	0	0.0	0.0	0.0	0	0.36	12	0.27	122.21	118.89	0	2023-03-30 19:00:00	Y
1680206400	0.0	0.440615	Flat	3.88	5	0.0	54.7	41.43	0	0.62	13	0.12	79.92	74.19	0	0.0	0	0.0	0.0	0.0	0	0.46	6	0.29	150.16	140.34	0	0.0	0	0.0	0.0	0.0	0	0.34	12	0.26	122.47	119.0	0	2023-03-30 20:00:00	Y
1680210000	0.0	0.4317566666666667	Flat	3.91	6	0.0	56.27	43.19	0	0.6	13	0.12	80.82	75.17	0	0.0	0	0.0	0.0	0.0	0	0.44	6	0.29	152.88	144.31	0	0.0	0	0.0	0.0	0.0	0	0.34	12	0.26	122.3	118.8	0	2023-03-30 21:00:00	Y
1680213600	0.0	0.4228983333333333	Flat	3.91	6	0.0	57.82	45.1	0	0.61	13	0.12	79.89	74.62	0	0.0	0	0.0	0.0	0.0	0	0.45	6	0.29	152.27	144.12	0	0.0	0	0.0	0.0	0.0	0	0.33	12	0.26	121.99	118.45	0	2023-03-30 22:00:00	Y
1680217200	0.0	0.41403999999999996	Flat	3.89	6	0.0	59.37	46.91	0	0.61	12	0.12	80.16	74.99	0	0.0	0	0.0	0.0	0.0	0	0.49	6	0.3	148.79	140.22	0	0.0	0	0.0	0.0	0.0	0	0.33	12	0.25	121.91	118.32	0	2023-03-30 23:00:00	Y
1680220800	0.0	0.43799166666666667	Flat	3.86	6	0.0	60.54	48.28	0	0.63	12	0.12	79.89	74.76	0	0.0	0	0.0	0.0	0.0	0	0.52	6	0.31	147.52	139.4	0	0.0	0	0.0	0.0	0.0	0	0.32	12	0.25	121.96	118.35	0	2023-03-31 00:00:00	Y
1680224400	0.0	0.42913333333333337	Flat	3.81	6	0.0	61.81	49.57	0	0.63	12	0.12	80.13	75.09	0	0.17	15	0.18	119.07	115.98	0	0.53	6	0.3	147.28	139.43	0	0.0	0	0.0	0.0	0.0	0	0.32	12	0.24	121.84	118.24	0	2023-03-31 01:00:00	Y
1680228000	0.0	0.453085	Flat	3.7	6	0.0	63.18	50.82	0	0.63	12	0.12	79.68	74.43	0	0.17	15	0.18	119.05	115.98	0	0.54	6	0.31	147.03	139.42	0	0.0	0	0.0	0.0	0.0	0	0.32	12	0.24	121.89	118.31	0	2023-03-31 02:00:00	Y
1680231600	0.0	0.44422666666666666	Flat	3.55	6	0.0	64.4	51.84	0	0.66	12	0.12	80.56	75.35	0	0.16	15	0.18	119.52	116.53	0	0.55	6	0.31	146.72	139.33	0	0.0	0	0.0	0.0	0.0	0	0.31	12	0.23	121.77	118.2	0	2023-03-31 03:00:00	Y
1680235200	0.0	0.43536833333333336	Flat	3.39	6	0.0	65.77	52.92	0	0.65	12	0.12	80.01	74.7	0	0.16	15	0.18	119.53	116.55	0	0.54	6	0.31	147.25	139.95	0	0.0	0	0.0	0.0	0.0	0	0.3	12	0.23	121.8	118.23	0	2023-03-31 04:00:00	Y
1680238800	-0.07655333333333336	0.4496891666666667	Flat	3.06	6	0.0	61.68	51.5	0	0.68	12	0.11	80.74	75.57	0	0.17	15	0.17	119.2	116.1	0	0.2	9	0.16	134.13	129.41	0	1.24	3	0.34	127.13	117.98	0	0.3	12	0.21	121.61	117.94	0	2023-03-31 05:00:00	Y
1680242400	-0.15310666666666672	0.3744483333333334	Flat	3.12	6	0.06	70.5	56.12	0	0.68	12	0.12	80.5	75.28	0	0.17	15	0.17	119.25	116.15	0	0.58	6	0.3	145.87	138.66	0	0.0	0	0.0	0.0	0.0	0	0.29	12	0.21	121.98	118.4	0	2023-03-31 06:00:00	Y
1680246000	-0.2296600000000001	0.29920750000000007	Flat	2.97	6	0.15	72.88	57.68	0	0.68	12	0.11	80.42	75.37	0	0.0	0	0.0	0.0	0.0	0	0.55	6	0.26	147.21	140.21	0	0.21	9	0.15	132.45	127.05	0	0.28	12	0.19	121.96	118.4	0	2023-03-31 07:00:00	Y
1680249600	-0.30621333333333334	0.25677666666666665	Flat	2.8	6	0.15	74.05	58.54	0	0.69	12	0.11	80.23	75.09	0	0.0	0	0.0	0.0	0.0	0	0.56	6	0.27	147.15	140.63	0	0.0	0	0.0	0.0	0.0	0	0.29	12	0.2	122.67	119.11	0	2023-03-31 08:00:00	Y
1680253200	-0.3827666666666667	0.14872583333333333	Flat	2.62	6	0.14	74.7	59.1	0	0.7	12	0.11	81.01	75.64	0	0.0	0	0.0	0.0	0.0	0	0.57	6	0.28	145.86	138.89	0	0.0	0	0.0	0.0	0.0	0	0.28	12	0.19	122.39	118.87	0	2023-03-31 09:00:00	Y
1680256800	-0.45932	0.17191500000000004	Flat	2.55	6	0.21	79.62	62.19	0	0.71	13	0.1	80.71	75.31	0	0.0	0	0.0	0.0	0.0	0	0.56	6	0.25	146.45	140.25	0	0.0	0	0.0	0.0	0.0	0	0.29	12	0.19	122.63	119.2	0	2023-03-31 10:00:00	Y
1680260400	-0.5358733333333334	0.2935241666666667	Flat	0.42	16	0.09	80.12	75.61	0	0.56	13	0.1	81.28	75.57	0	1.67	3	0.47	139.58	126.44	0	0.0	0	0.0	0.0	0.0	0	2.04	7	0.0	64.0	55.46	0	0.29	12	0.21	122.59	119.21	0	2023-03-31 11:00:00	Y
1680264000	-0.5796166666666667	0.41513333333333335	Flat	0.4	16	0.08	80.19	75.41	0	0.58	13	0.09	80.79	75.1	0	2.02	3	0.51	141.52	126.66	0	0.0	0	0.0	0.0	0.0	0	1.88	7	0.0	63.45	55.43	0	0.3	12	0.19	122.62	119.29	0	2023-03-31 12:00:00	Y
1680267600	-0.45932000000000006	0.5695525000000001	Shin to knee	0.41	16	0.07	80.24	75.67	0	0.58	13	0.08	81.01	75.37	0	2.31	4	0.56	147.69	131.82	0	0.0	0	0.0	0.0	0.0	0	1.77	7	0.0	63.94	56.1	0	0.32	12	0.17	122.36	119.21	0	2023-03-31 13:00:00	Y
1680271200	-0.2406033333333334	0.7567816666666667	Shin to knee	0.42	16	0.07	80.32	75.57	0	0.58	13	0.07	81.16	75.48	0	2.61	4	0.59	156.26	140.57	0	0.0	0	0.0	0.0	0.0	0	1.72	7	0.0	65.45	57.59	0	0.32	12	0.16	122.42	119.29	0	2023-03-31 14:00:00	Y
1680274800	-0.12030666666666667	0.9112008333333333	Shin to knee	0.42	16	0.06	80.05	75.6	0	0.58	13	0.07	81.37	75.53	0	2.9	4	0.62	159.54	142.8	0	0.18	9	0.1	134.57	130.82	0	1.55	7	0.0	63.66	56.45	0	0.33	12	0.15	122.39	119.3	0	2023-03-31 15:00:00	Y
1680278400	0.0	1.0	Shin to knee	0.42	16	0.06	79.79	75.33	0	0.58	13	0.06	81.47	75.65	0	3.1	4	0.63	164.87	148.15	0	0.2	9	0.1	134.57	129.55	0	1.48	7	0.0	64.11	56.92	0	0.35	12	0.15	122.43	119.36	0	2023-03-31 16:00:00	Y
1680282000	0.21041166666666677	1.243221666666667	Knee to thigh	0.71	16	0.08	80.84	75.69	0	0.0	0	0.0	0.0	0.0	0	3.35	4	0.61	170.07	153.83	0	0.2	9	0.09	134.46	129.45	0	1.43	7	0.0	65.21	57.88	0	0.37	12	0.14	121.81	118.59	0	2023-03-31 17:00:00	Y
1680285600	0.5520533333333334	1.5520533333333333	Knee to thigh	0.71	16	0.07	80.62	75.36	0	0.0	0	0.0	0.0	0.0	0	3.79	5	0.64	173.31	157.71	0	0.0	0	0.0	0.0	0.0	0	1.35	7	0.0	65.63	58.31	0	0.4	12	0.14	121.41	118.12	0	2023-03-31 18:00:00	Y
1680289200	0.7296549999999999	1.7624650000000002	Knee to thigh	0.68	15	0.06	80.11	75.12	0	0.0	0	0.0	0.0	0.0	0	4.06	5	0.65	177.55	161.75	0	0.21	9	0.08	130.56	125.46	0	1.28	7	0.0	66.41	59.01	0	0.39	12	0.13	121.49	118.3	0	2023-03-31 19:00:00	Y
1680292800	0.7432166666666666	1.7760266666666666	Knee to thigh	0.71	15	0.06	80.44	75.17	0	0.0	0	0.0	0.0	0.0	0	4.17	5	0.66	180.63	164.35	0	0.19	9	0.08	134.12	130.43	0	1.19	7	0.0	66.44	59.1	0	0.42	13	0.13	121.2	117.98	0	2023-03-31 20:00:00	Y
1680296400	0.8223983333333333	1.8552083333333333	Knee to thigh	0.67	15	0.06	80.3	75.37	0	0.0	0	0.0	0.0	0.0	0	4.31	5	0.67	181.74	165.37	0	0.19	9	0.08	133.98	130.29	0	1.13	7	0.0	67.16	59.6	0	0.43	13	0.13	121.12	117.93	0	2023-03-31 21:00:00	Y
1680300000	1.0	2.0	Knee to thigh	0.67	15	0.06	79.86	74.82	0	0.0	0	0.0	0.0	0.0	0	4.55	5	0.67	182.3	166.27	0	0.23	9	0.08	134.79	131.36	0	1.07	7	0.0	66.9	59.85	0	0.47	13	0.13	120.27	116.48	0	2023-03-31 22:00:00	N
1680303600	1.1311291666666667	2.202871666666667	Thigh to waist	0.66	15	0.05	80.09	75.19	0	0.0	0	0.0	0.0	0.0	0	4.84	5	0.68	183.46	167.4	0	0.21	9	0.07	132.24	128.19	0	1.0	7	0.0	66.88	59.92	0	0.48	13	0.13	119.98	116.24	0	2023-03-31 23:00:00	N
1680307200	1.2622483333333334	2.3729233333333335	Thigh to waist	0.66	14	0.05	79.56	74.64	0	0.0	0	0.0	0.0	0.0	0	5.14	5	0.69	185.2	169.29	0	0.17	9	0.06	135.53	132.95	0	0.97	7	0.01	68.24	61.15	0	0.49	13	0.13	120.01	116.12	0	2023-04-01 00:00:00	N
1680310800	1.4917975	2.6085949999999998	Thigh to waist	0.65	14	0.05	80.21	75.25	0	0.0	0	0.0	0.0	0.0	0	5.47	6	0.7	187.4	171.4	0	0.0	0	0.0	0.0	0.0	0	0.9	7	0.01	67.94	61.04	0	0.49	13	0.12	120.42	116.9	0	2023-04-01 01:00:00	N
1680314400	1.2948366666666669	2.4833766666666666	Thigh to waist	0.65	14	0.05	79.73	74.61	0	0.0	0	0.0	0.0	0.0	0	5.94	6	0.72	189.66	173.89	0	0.0	0	0.0	0.0	0.0	0	0.85	7	0.01	68.75	61.82	0	0.5	13	0.12	120.43	116.9	0	2023-04-01 02:00:00	N
1680318000	2.0821358333333335	3.2767983333333333	Thigh to stomach	0.63	14	0.04	80.11	75.29	0	0.0	0	0.0	0.0	0.0	0	6.34	6	0.73	192.53	176.85	0	0.0	0	0.0	0.0	0.0	0	0.79	7	0.01	68.8	62.05	0	0.5	13	0.12	120.38	116.84	0	2023-04-01 03:00:00	N
1680321600	1.3930450000000003	2.62664	Thigh to waist	0.63	14	0.04	79.98	75.02	0	0.0	0	0.0	0.0	0.0	0	6.92	6	0.74	195.04	179.81	0	0.0	0	0.0	0.0	0.0	0	0.73	7	0.01	69.52	62.78	0	0.5	13	0.11	120.89	117.62	0	2023-04-01 04:00:00	N
1680325200	1.7538241666666667	3.0591716666666664	Thigh to stomach	0.6	14	0.04	80.23	75.42	0	0.0	0	0.0	0.0	0.0	0	7.35	7	0.76	196.45	181.58	2	0.0	0	0.0	0.0	0.0	0	0.69	7	0.01	70.71	64.03	0	0.5	13	0.1	120.73	117.42	0	2023-04-01 05:00:00	N
1680328800	2.0818033333333332	3.426073333333333	Thigh to stomach	0.62	14	0.04	79.6	74.63	0	0.0	0	0.0	0.0	0.0	0	7.68	7	0.77	197.79	183.21	2	0.0	0	0.0	0.0	0.0	0	0.62	8	0.01	71.36	64.75	0	0.5	11	0.1	120.45	116.92	0	2023-04-01 06:00:00	N
1680332400	2.4753925	3.825785	Waist to chest	0.6	14	0.04	80.1	75.14	0	0.3	13	0.07	119.2	115.79	0	8.06	7	0.77	198.83	184.59	2	0.0	0	0.0	0.0	0.0	0	0.56	8	0.0	71.74	65.37	0	0.4	11	0.08	121.85	118.62	0	2023-04-01 07:00:00	N
1680336000	2.8033716666666666	4.225506666666666	Waist to shoulder	0.59	14	0.03	79.6	74.64	0	0.29	13	0.07	119.19	115.78	0	8.3	7	0.77	199.62	185.66	2	0.0	0	0.0	0.0	0.0	0	0.52	8	0.0	72.32	66.16	0	0.42	11	0.08	120.92	117.11	0	2023-04-01 08:00:00	N
1680339600	2.9344908333333333	4.362758333333333	Waist to shoulder	0.56	14	0.03	79.77	74.9	0	0.0	0	0.0	0.0	0.0	0	8.32	7	0.78	200.07	186.23	2	0.0	0	0.0	0.0	0.0	0	0.48	8	0.01	73.2	67.15	0	0.51	11	0.09	119.91	115.76	0	2023-04-01 09:00:00	N
1680343200	3.0	4.5	Waist to shoulder	0.56	14	0.03	80.01	75.03	0	0.0	0	0.0	0.0	0.0	0	8.37	7	0.78	201.11	187.25	2	0.0	0	0.0	0.0	0.0	0	0.44	8	0.01	73.4	67.38	0	0.49	11	0.09	120.76	117.2	0	2023-04-01 10:00:00	N
1680346800	3.0901199999999998	4.646111666666666	Waist to head	0.54	14	0.03	80.14	75.18	0	0.2	13	0.05	122.43	119.99	0	8.58	7	0.78	201.91	188.06	2	0.0	0	0.0	0.0	0.0	0	0.41	8	0.01	74.07	68.1	0	0.44	11	0.08	120.41	116.67	0	2023-04-01 11:00:00	N
1680350400	3.24585	4.923453333333333	Waist to head	0.51	14	0.03	79.61	74.78	0	0.0	0	0.0	0.0	0.0	0	8.92	7	0.79	202.38	188.64	2	0.0	0	0.0	0.0	0.0	0	0.39	8	0.01	74.19	68.44	0	0.49	11	0.08	120.29	116.32	0	2023-04-01 12:00:00	N
1680354000	3.43438	5.200794999999999	Chest to overhead	0.5	14	0.03	79.74	74.94	0	0.0	0	0.0	0.0	0.0	0	9.32	7	0.8	201.96	188.34	2	0.0	0	0.0	0.0	0.0	0	0.36	8	0.01	74.73	69.03	0	0.48	11	0.08	120.36	116.38	0	2023-04-01 13:00:00	N
1680357600	3.59012	5.412516666666667	Chest to overhead	0.54	14	0.03	78.22	72.98	0	0.0	0	0.0	0.0	0.0	0	9.59	7	0.78	201.74	188.12	2	0.0	0	0.0	0.0	0.0	0	0.0	0	0.0	0.0	0.0	0	0.51	11	0.07	114.84	106.65	0	2023-04-01 14:00:00	N
1680361200	3.61461	5.558618333333333	Chest to overhead	0.53	14	0.03	78.43	73.37	0	0.0	0	0.0	0.0	0.0	0	9.73	8	0.79	201.55	187.89	2	0.0	0	0.0	0.0	0.0	0	0.0	0	0.0	0.0	0.0	0	0.51	11	0.07	115.19	107.35	0	2023-04-01 15:00:00	N
1680364800	4.0	6.0	Chest to overhead	0.52	14	0.03	78.46	73.3	0	0.0	0	0.0	0.0	0.0	0	10.14	8	0.79	202.51	188.83	2	0.0	0	0.0	0.0	0.0	0	0.0	0	0.0	0.0	0.0	0	0.49	11	0.07	116.05	108.67	0	2023-04-01 16:00:00	N
1680368400	4.257001666666667	6.373145	Chest to 1ft overhead	0.48	14	0.02	79.01	73.87	0	0.0	0	0.0	0.0	0.0	0	10.61	8	0.8	203.18	189.49	1	0.0	0	0.0	0.0	0.0	0	0.0	0	0.0	0.0	0.0	0	0.51	11	0.07	113.63	104.98	0	2023-04-01 17:00:00	N
1680372000	4.415573333333333	6.61505	Head to 2ft overhead	0.47	14	0.02	79.14	74.02	0	0.0	0	0.0	0.0	0.0	0	10.93	8	0.8	203.83	190.06	1	0.0	0	0.0	0.0	0.0	0	0.0	0	0.0	0.0	0.0	0	0.52	11	0.07	114.73	106.16	0	2023-04-01 18:00:00	N
1680375600	4.311685	6.561685000000001	Head to 2ft overhead	0.46	14	0.02	79.38	74.26	0	0.0	0	0.0	0.0	0.0	0	10.84	8	0.8	204.94	190.75	1	0.0	0	0.0	0.0	0.0	0	0.0	0	0.0	0.0	0.0	0	0.49	11	0.07	116.13	108.15	0	2023-04-01 19:00:00	N
1680379200	4.371826666666667	6.73797	Head to 2ft overhead	0.46	14	0.02	79.21	74.17	0	0.0	0	0.0	0.0	0.0	0	11.04	8	0.8	205.9	191.7	1	0.0	0	0.0	0.0	0.0	0	0.0	0	0.0	0.0	0.0	0	0.51	11	0.07	116.46	108.55	0	2023-04-01 20:00:00	N
1680382800	4.366358333333333	6.783024999999999	Head to 2ft overhead	0.45	14	0.02	79.59	74.65	0	0.0	0	0.0	0.0	0.0	0	11.08	8	0.8	207.04	192.7	1	0.0	0	0.0	0.0	0.0	0	0.0	0	0.0	0.0	0.0	0	0.48	11	0.07	117.53	110.04	0	2023-04-01 21:00:00	N
1680386400	4.0	6.5	Chest to 1ft overhead	0.45	14	0.02	79.34	74.32	0	0.0	0	0.0	0.0	0.0	0	10.65	8	0.79	209.05	194.1	1	0.0	0	0.0	0.0	0.0	0	0.0	0	0.0	0.0	0.0	0	0.47	11	0.07	118.03	110.95	0	2023-04-01 22:00:00	N
1680390000	4.002841666666667	6.4167741666666664	Chest to 1ft overhead	0.44	14	0.02	79.69	74.74	0	0.0	0	0.0	0.0	0.0	0	10.74	8	0.8	211.03	195.91	1	0.0	0	0.0	0.0	0.0	0	0.0	0	0.0	0.0	0.0	0	0.46	11	0.07	118.62	111.89	0	2023-04-01 23:00:00	N
1680393600	3.8744533333333337	6.235128333333334	Chest to 1ft overhead	0.44	14	0.02	79.44	74.42	0	0.0	0	0.0	0.0	0.0	0	10.52	8	0.79	211.3	195.98	1	0.0	0	0.0	0.0	0.0	0	0.0	0	0.0	0.0	0.0	0	0.46	11	0.07	118.95	112.56	0	2023-04-02 00:00:00	N
1680397200	3.713255	5.9550525	Chest to overhead	0.43	16	0.02	79.8	74.86	0	0.0	0	0.0	0.0	0.0	0	10.11	8	0.79	210.77	195.24	2	0.0	0	0.0	0.0	0.0	0	0.0	0	0.0	0.0	0.0	0	0.45	11	0.07	119.48	113.35	0	2023-04-02 01:00:00	N
1680400800	3.650476666666667	5.839016666666667	Chest to overhead	0.42	16	0.02	79.53	74.51	0	0.0	0	0.0	0.0	0.0	0	9.89	8	0.79	210.15	194.68	2	0.0	0	0.0	0.0	0.0	0	0.0	0	0.0	0.0	0.0	0	0.44	11	0.07	120.78	115.27	0	2023-04-02 02:00:00	N
1680404400	3.4236683333333335	5.526140833333334	Chest to overhead	0.41	16	0.03	79.99	74.98	0	0.0	0	0.0	0.0	0.0	0	9.47	8	0.79	210.46	194.45	2	0.0	0	0.0	0.0	0.0	0	0.0	0	0.0	0.0	0.0	0	0.41	11	0.07	119.41	114.36	0	2023-04-02 03:00:00	N
1680408000	3.19685	5.180445000000001	Chest to overhead	0.41	16	0.03	79.64	74.55	0	0.0	0	0.0	0.0	0.0	0	9.09	8	0.78	211.76	195.21	2	0.0	0	0.0	0.0	0.0	0	0.0	0	0.0	0.0	0.0	0	0.43	11	0.07	121.36	116.4	0	2023-04-02 04:00:00	N
1680411600	2.904421666666667	4.801949166666667	Waist to head	0.4	16	0.03	80.01	74.97	0	0.0	0	0.0	0.0	0.0	0	8.68	8	0.77	213.89	196.42	2	0.0	0	0.0	0.0	0.0	0	0.0	0	0.0	0.0	0.0	0	0.42	11	0.08	121.3	116.52	0	2023-04-02 05:00:00	N
1680415200	2.6776033333333333	4.489063333333333	Waist to shoulder	0.4	16	0.03	79.72	74.58	0	7.07	8	0.75	199.68	187.17	2	0.0	0	0.0	0.0	0.0	0	4.01	5	0.06	274.97	263.63	0	0.0	0	0.0	0.0	0.0	0	0.41	11	0.08	121.11	116.34	0	2023-04-02 06:00:00	N
1680418800	2.3195550000000003	4.0449475	Waist to shoulder	0.39	16	0.03	80.12	75.0	0	6.99	8	0.8	207.39	191.07	2	0.0	0	0.0	0.0	0.0	0	0.0	0	0.0	0.0	0.0	0	2.67	5	0.0	312.39	301.55	0	0.35	11	0.08	120.73	115.87	0	2023-04-02 07:00:00	N
1680422400	2.0599266666666667	3.6992516666666666	Waist to chest	0.39	16	0.03	79.83	74.58	0	6.42	8	0.78	206.46	189.89	2	2.98	4	0.0	325.55	313.19	0	0.0	0	0.0	0.0	0.0	0	0.0	0	0.0	0.0	0.0	0	0.37	11	0.08	120.65	116.22	0	2023-04-02 08:00:00	N
1680426000	1.8331083333333333	3.386375833333333	Thigh to stomach	0.39	16	0.03	80.49	75.16	0	5.74	8	0.77	202.6	187.46	2	3.58	4	0.0	325.35	310.78	0	0.0	0	0.0	0.0	0.0	0	0.0	0	0.0	0.0	0.0	0	0.36	11	0.09	121.26	117.6	0	2023-04-02 09:00:00	N
1680429600	2.0	3.5	Thigh to stomach	0.39	15	0.03	80.27	74.78	0	5.13	8	0.76	198.21	184.93	1	4.04	5	0.0	323.74	306.66	0	0.0	0	0.0	0.0	0.0	0	0.0	0	0.0	0.0	0.0	0	0.37	11	0.09	120.47	116.47	0	2023-04-02 10:00:00	N
1680433200	1.9507866666666667	3.3401116666666666	Thigh to stomach	0.38	15	0.03	80.76	75.23	0	4.69	8	0.75	196.36	183.66	1	4.16	5	0.0	327.07	309.01	0	0.0	0	0.0	0.0	0.0	0	0.0	0	0.0	0.0	0.0	0	0.38	11	0.1	121.61	117.55	0	2023-04-02 11:00:00	N
1680436800	1.9015733333333333	3.245843333333333	Thigh to stomach	0.38	15	0.04	80.69	74.94	0	4.36	8	0.74	195.77	183.06	1	4.16	5	0.0	331.99	313.74	0	0.0	0	0.0	0.0	0.0	0	0.0	0	0.0	0.0	0.0	0	0.36	11	0.1	120.56	116.72	0	2023-04-02 12:00:00	N
1680440400	1.88517	3.1515750000000002	Thigh to stomach	0.38	15	0.04	81.35	75.51	0	4.04	8	0.73	194.9	182.18	1	4.17	5	0.0	336.55	318.32	0	0.0	0	0.0	0.0	0.0	0	0.0	0	0.0	0.0	0.0	0	0.35	11	0.1	120.96	117.68	0	2023-04-02 13:00:00	N
1680444000	1.9015766666666667	3.090116666666667	Thigh to stomach	0.37	15	0.04	80.06	74.94	0	3.81	7	0.72	194.93	181.93	1	4.07	5	0.0	342.87	324.98	0	0.0	0	0.0	0.0	0.0	0	0.0	0	0.0	0.0	0.0	0	0.34	11	0.11	120.95	117.66	0	2023-04-02 14:00:00	N
1680447600	1.9179833333333334	3.0286583333333335	Thigh to stomach	0.36	15	0.04	80.31	75.37	0	3.54	7	0.68	194.71	182.13	1	3.99	5	0.0	350.36	332.73	0	0.29	8	0.09	122.72	118.92	0	0.0	0	0.0	0.0	0.0	0	0.41	11	0.13	125.11	120.78	0	2023-04-02 15:00:00	N
1680451200	2.0	3.0	Thigh to waist	0.36	15	0.04	79.99	74.96	0	3.36	7	0.72	194.61	181.9	1	3.7	5	0.0	359.58	343.8	0	0.3	8	0.1	122.76	118.97	0	0.76	5	0.01	280.3	275.28	0	0.4	11	0.14	124.84	120.57	0	2023-04-02 16:00:00	N
1680454800	1.7786566666666668	2.7731883333333336	Thigh to waist	0.35	14	0.04	80.55	75.5	0	3.17	7	0.67	194.17	181.35	1	3.47	5	0.0	2.14	-14.48	0	0.28	8	0.09	123.49	119.78	0	0.0	0	0.0	0.0	0.0	0	0.41	11	0.13	124.23	119.98	0	2023-04-02 17:00:00	N
1680458400	1.6557333333333335	2.6447966666666667	Thigh to waist	0.34	14	0.03	80.15	75.0	0	1.74	7	0.35	163.64	156.57	0	3.11	5	0.0	7.54	-8.37	0	0.35	8	0.09	129.17	124.37	0	2.49	7	0.42	209.56	201.1	0	0.4	11	0.11	124.07	119.78	0	2023-04-02 18:00:00	N
1680462000	1.5	2.5164050000000002	Thigh to waist	0.33	14	0.03	80.6	75.53	0	1.65	8	0.36	159.4	151.62	0	2.83	4	0.0	12.01	-3.73	0	0.0	0	0.0	0.0	0.0	0	2.41	7	0.44	208.31	199.62	0	0.34	11	0.1	121.99	118.45	0	2023-04-02 19:00:00	N
1680465600	1.3442766666666666	2.3552133333333334	Thigh to waist	0.33	14	0.03	80.19	75.02	0	1.51	7	0.34	156.16	148.63	0	2.6	4	0.0	16.63	1.22	0	0.0	0	0.0	0.0	0.0	0	2.38	7	0.46	206.9	197.69	0	0.33	11	0.1	122.12	118.63	0	2023-04-02 20:00:00	N
1680469200	1.1885433333333333	2.161201666666667	Thigh to waist	0.32	14	0.04	80.56	75.5	0	1.53	7	0.38	156.33	148.69	0	2.24	4	0.0	16.43	1.36	0	0.84	7	0.0	49.68	43.97	0	2.23	7	0.47	207.9	199.18	0	0.32	11	0.11	122.17	118.67	0	2023-04-02 21:00:00	N
1680472800	1.0	2.0	Knee to thigh	0.32	14	0.04	80.28	75.1	0	1.6	7	0.4	158.48	150.16	0	1.95	4	0.0	19.71	5.14	0	0.97	7	0.0	49.67	43.89	0	2.07	7	0.45	210.47	201.95	0	0.32	11	0.11	122.25	118.77	0	2023-04-02 22:00:00	N
1680476400	0.9248666666666667	1.8920666666666668	Knee to thigh	0.31	14	0.04	80.49	75.47	0	1.51	7	0.39	155.36	147.44	0	1.86	4	0.0	28.01	13.58	0	0.96	7	0.0	49.18	43.05	0	2.03	7	0.46	209.09	200.31	0	0.32	11	0.11	122.29	118.79	0	2023-04-02 23:00:00	Y
1680480000	0.8169333333333334	1.8169333333333333	Knee to thigh	0.31	14	0.04	80.17	75.03	0	1.58	7	0.41	156.99	148.56	0	1.88	4	0.0	35.99	22.27	0	0.91	7	0.0	50.94	45.08	0	1.88	7	0.44	211.17	203.22	0	0.31	11	0.11	122.38	118.9	0	2023-04-03 00:00:00	Y
1680483600	0.7418	1.70899	Knee to thigh	0.3	14	0.04	80.59	75.52	0	1.55	7	0.42	155.66	147.26	0	1.88	5	0.0	41.0	28.13	0	0.95	7	0.0	51.07	45.42	0	1.8	7	0.43	210.69	202.65	0	0.31	10	0.11	122.42	118.94	0	2023-04-03 01:00:00	Y
1680487200	0.6338566666666667	1.6010466666666667	Knee to thigh	0.0	0	0.0	0.0	0.0	0	1.59	7	0.41	156.52	147.62	0	1.89	5	0.0	43.32	31.43	0	0.88	7	0.0	52.16	46.42	0	1.68	7	0.4	211.67	204.21	0	0.31	10	0.11	122.5	119.03	0	2023-04-03 02:00:00	Y
1680490800	0.5587233333333333	1.5259233333333333	Knee to thigh	0.0	0	0.0	0.0	0.0	0	1.51	7	0.41	152.99	144.81	0	1.87	5	0.0	45.41	34.04	0	0.81	7	0.0	51.44	45.09	0	1.67	7	0.4	209.37	201.31	0	0.29	11	0.12	123.51	120.41	0	2023-04-03 03:00:00	Y
1680494400	0.45079	1.45079	Knee to thigh	0.29	14	0.04	80.35	75.23	0	1.58	7	0.44	155.22	146.31	0	1.8	5	0.0	46.93	35.45	0	0.78	7	0.0	52.63	46.95	0	1.53	6	0.39	211.7	204.51	0	0.3	11	0.12	123.49	120.35	0	2023-04-03 04:00:00	Y
1680498000	0.3428466666666667	1.3100366666666667	Knee to thigh	0.0	0	0.0	0.0	0.0	0	1.63	7	0.45	156.88	147.32	0	1.72	5	0.0	48.5	36.86	0	0.72	7	0.0	52.47	46.88	0	1.39	6	0.34	213.38	206.72	0	0.29	11	0.12	123.64	120.57	0	2023-04-03 05:00:00	Y
1680501600	0.26771333333333336	1.2349033333333332	Knee to thigh	0.0	0	0.0	0.0	0.0	0	1.63	7	0.46	156.56	146.99	0	1.62	5	0.0	50.25	38.28	0	0.67	7	0.0	52.74	47.05	0	1.33	6	0.33	213.36	206.76	0	0.3	11	0.13	123.71	120.65	0	2023-04-03 06:00:00	Y
1680505200	0.19258000000000003	1.19258	Knee to thigh	0.0	0	0.0	0.0	0.0	0	1.64	7	0.46	156.21	146.68	0	1.52	5	0.0	52.03	39.71	0	0.64	7	0.0	53.04	47.33	0	1.26	6	0.32	213.2	206.66	0	0.3	11	0.13	123.59	120.49	0	2023-04-03 07:00:00	Y
1680508800	0.11745666666666671	1.1174566666666668	Knee to thigh	0.0	0	0.0	0.0	0.0	0	1.63	7	0.47	155.56	146.23	0	1.43	4	0.0	54.98	42.08	0	0.63	7	0.0	51.0	44.83	0	1.22	6	0.31	212.66	206.06	0	0.3	11	0.13	123.64	120.54	0	2023-04-03 08:00:00	Y
1680512400	0.07513333333333339	1.0751333333333333	Knee to thigh	0.0	0	0.0	0.0	0.0	0	1.62	7	0.46	154.47	145.45	0	1.36	4	0.0	58.45	44.82	0	0.6	7	0.0	50.73	44.59	0	1.2	6	0.32	211.31	204.45	0	0.3	11	0.13	123.63	120.53	0	2023-04-03 09:00:00	Y
1680516000	0.0	1.0	Shin to knee	0.28	13	0.04	80.5	75.49	0	1.68	7	0.51	156.34	146.71	0	1.3	4	0.0	61.57	47.49	0	0.57	7	0.0	50.52	44.37	0	1.09	6	0.31	213.64	207.55	0	0.31	11	0.14	123.65	120.54	0	2023-04-03 10:00:00	Y
1680519600	-0.027341666666666625	0.9453166666666666	Shin to knee	0.0	0	0.0	0.0	0.0	0	1.74	7	0.51	158.58	148.13	0	1.27	4	0.0	65.98	50.84	0	0.55	7	0.0	50.77	44.45	0	0.98	6	0.27	215.8	210.19	0	0.32	10	0.14	122.65	119.17	0	2023-04-03 11:00:00	Y
1680523200	-0.021873333333333328	0.9562533333333334	Shin to knee	0.28	13	0.04	80.62	75.61	0	1.74	7	0.53	158.58	148.21	0	1.22	4	0.01	69.64	53.77	0	0.56	7	0.0	50.87	44.58	0	0.95	6	0.27	215.42	209.86	0	0.35	10	0.14	122.4	119.08	0	2023-04-03 12:00:00	Y
1680526800	-0.016404999999999975	0.96719	Shin to knee	0.0	0	0.0	0.0	0.0	0	1.75	7	0.49	158.34	147.85	0	1.18	4	0.04	74.87	57.75	0	0.57	7	0.0	50.35	44.04	0	0.92	6	0.24	215.09	209.58	0	0.33	10	0.14	122.67	119.18	0	2023-04-03 13:00:00	Y
1680530400	-0.01093666666666665	0.9781266666666667	Shin to knee	0.0	0	0.0	0.0	0.0	0	1.77	7	0.49	159.19	148.42	0	1.13	4	0.06	78.42	60.31	0	0.58	7	0.0	50.46	44.39	0	0.87	6	0.23	215.63	210.35	0	0.36	11	0.14	123.81	120.34	0	2023-04-03 14:00:00	Y
1680534000	-0.03827833333333333	0.9890633333333333	Shin to knee	0.37	2	0.07	161.36	155.35	0	1.78	7	0.51	159.17	148.28	0	1.03	4	0.03	73.43	58.03	0	0.57	7	0.0	50.45	44.49	0	0.84	6	0.23	215.39	210.21	0	0.37	11	0.15	123.72	120.16	0	2023-04-03 15:00:00	Y
1680537600	0.0	1.0	Shin to knee	1.18	7	0.05	74.01	55.08	0	1.78	7	0.48	159.1	148.11	0	0.23	13	0.03	80.16	75.33	0	0.0	0	0.0	0.0	0.0	0	0.82	6	0.21	214.92	209.79	0	0.37	11	0.14	123.86	120.37	0	2023-04-03 16:00:00	Y
1680541200	0.0	1.0	Shin to knee	1.13	7	0.05	72.86	54.14	0	1.78	7	0.48	158.65	147.64	0	0.0	0	0.0	0.0	0.0	0	0.24	16	0.04	81.88	77.06	0	0.81	6	0.21	214.08	208.92	0	0.37	11	0.14	123.86	120.35	0	2023-04-03 17:00:00	Y
1680544800	0.03280999999999998	1.03281	Knee to thigh	1.08	7	0.01	71.93	53.24	0	1.66	7	0.44	153.24	143.88	0	0.0	0	0.0	0.0	0.0	0	0.26	16	0.04	81.21	76.26	0	1.01	6	0.27	206.68	200.49	0	0.38	11	0.14	123.77	120.15	0	2023-04-03 18:00:00	Y
1680548400	0.03280999999999998	1.03281	Knee to thigh	1.03	7	0.01	72.04	52.96	0	1.48	7	0.38	145.6	138.34	0	0.82	6	0.24	180.24	176.36	0	0.35	16	0.05	81.35	76.25	0	0.94	6	0.24	208.03	202.26	0	0.0	0	0.0	0.0	0.0	0	2023-04-03 19:00:00	Y
1680552000	0.0	1.0	Shin to knee	0.94	7	0.0	64.9	51.53	0	1.4	7	0.37	141.95	135.47	0	0.91	6	0.26	174.87	170.35	0	0.37	16	0.05	81.0	75.87	0	0.97	6	0.26	205.89	199.91	0	0.38	2	0.06	170.68	162.91	0	2023-04-03 20:00:00	Y
1680555600	0.0	1.03281	Knee to thigh	0.86	7	0.0	59.58	49.59	0	1.44	7	0.38	142.48	135.84	0	0.83	6	0.24	177.47	173.83	0	0.38	16	0.05	81.24	76.23	0	0.95	6	0.25	205.57	199.67	0	0.52	2	0.08	157.09	144.86	0	2023-04-03 21:00:00	Y
1680559200	0.0	1.0	Shin to knee	0.83	7	0.0	58.83	49.33	0	1.45	7	0.37	142.27	135.59	0	0.82	6	0.24	178.32	174.46	0	0.4	15	0.05	81.07	75.88	0	0.91	6	0.24	205.85	200.13	0	0.62	2	0.1	159.25	146.56	0	2023-04-03 22:00:00	Y
1680562800	0.013671666666666638	1.0437475	Knee to thigh	0.79	7	0.0	58.33	49.09	0	1.38	7	0.35	139.95	133.96	0	1.49	6	0.37	182.76	170.75	0	0.42	15	0.05	81.46	76.12	0	0.32	11	0.12	123.04	120.0	0	0.21	16	0.11	121.72	118.42	0	2023-04-03 23:00:00	Y
1680566400	0.02734333333333333	1.054685	Knee to thigh	0.75	6	0.0	57.77	48.81	0	1.4	7	0.36	139.34	133.34	0	1.54	6	0.38	182.9	170.25	0	0.44	15	0.05	81.04	75.67	0	0.24	11	0.1	121.68	118.44	0	0.2	16	0.11	121.77	118.49	0	2023-04-04 00:00:00	Y
1680570000	0.04100499999999996	1.0656124999999999	Knee to thigh	0.73	6	0.0	58.08	49.0	0	1.46	7	0.36	140.44	134.0	0	1.57	6	0.38	186.62	173.74	0	0.45	15	0.05	81.27	75.96	0	0.24	11	0.1	121.57	118.31	0	0.2	16	0.11	121.86	118.58	0	2023-04-04 01:00:00	Y
1680573600	0.08748666666666666	1.10936	Knee to thigh	0.69	6	0.0	57.6	48.83	0	1.52	7	0.36	141.86	134.88	0	1.68	6	0.39	192.06	178.74	0	0.48	14	0.05	81.0	75.5	0	0.24	11	0.09	121.52	118.24	0	0.2	16	0.1	121.84	118.61	0	2023-04-04 02:00:00	Y
1680577200	0.3964283333333333	1.3827675	Knee to thigh	0.66	6	0.0	57.16	48.47	0	1.52	7	0.39	141.04	134.25	0	2.04	3	0.35	202.21	188.04	0	0.49	14	0.06	81.2	75.89	0	0.2	11	0.09	118.3	115.92	0	0.2	16	0.11	122.12	118.95	0	2023-04-04 03:00:00	Y
1680580800	0.31168	1.328085	Knee to thigh	0.62	6	0.0	56.53	48.09	0	1.65	7	0.41	145.89	136.61	0	2.08	4	0.34	212.23	196.46	0	0.51	14	0.05	80.77	75.36	0	0.19	11	0.09	118.28	115.86	0	0.2	16	0.11	122.3	119.17	0	2023-04-04 04:00:00	Y
1680584400	0.2925416666666667	1.2734025	Knee to thigh	0.6	6	0.0	56.08	47.77	0	1.64	7	0.4	144.73	135.83	0	2.04	4	0.32	215.49	198.23	0	0.53	14	0.05	81.52	76.0	0	0.19	11	0.08	118.27	115.81	0	0.52	6	0.14	202.5	199.54	0	2023-04-04 05:00:00	Y
1680588000	0.24059333333333333	1.2515299999999998	Knee to thigh	0.57	6	0.0	55.69	47.63	0	1.62	7	0.38	142.1	134.3	0	2.04	4	0.32	216.33	198.47	0	0.55	14	0.05	80.79	75.36	0	0.2	15	0.11	122.71	119.67	0	0.5	6	0.14	198.99	195.9	0	2023-04-04 06:00:00	Y
1680591600	0.18864500000000006	1.1968475	Knee to thigh	0.55	6	0.0	55.42	47.48	0	1.61	7	0.39	140.57	133.62	0	1.99	4	0.31	219.59	200.91	0	0.55	13	0.06	80.9	75.71	0	0.24	6	0.09	180.0	180.0	0	0.57	5	0.16	193.85	189.34	0	2023-04-04 07:00:00	Y
1680595200	0.1695066666666667	1.1421649999999999	Knee to thigh	0.54	6	0.0	55.28	47.36	0	1.61	7	0.41	139.89	133.21	0	1.95	4	0.32	218.74	199.26	0	0.58	13	0.06	80.9	75.44	0	0.27	6	0.1	180.0	180.0	0	0.4	6	0.12	200.74	198.62	0	2023-04-04 08:00:00	Y
1680598800	0.08474833333333331	1.0546825	Knee to thigh	0.52	6	0.0	55.0	47.26	0	1.63	8	0.43	139.91	133.22	0	1.84	4	0.31	218.55	198.27	0	0.58	13	0.06	81.83	76.13	0	0.0	0	0.0	0.0	0.0	0	0.36	5	0.12	200.58	198.71	0	2023-04-04 09:00:00	Y
1680602400	0.0	1.0	Shin to knee	0.51	6	0.0	54.8	47.16	0	1.63	8	0.43	139.19	132.76	0	1.68	4	0.3	217.06	196.62	0	0.59	13	0.06	80.67	75.37	0	0.0	0	0.0	0.0	0.0	0	0.38	6	0.12	197.26	193.83	0	2023-04-04 10:00:00	Y
1680606000	-0.03281166666666668	0.9671883333333333	Shin to knee	0.5	6	0.0	54.58	47.02	0	1.7	8	0.46	141.04	133.44	0	1.5	4	0.28	214.67	194.67	0	0.6	13	0.06	80.9	75.68	0	0.0	0	0.0	0.0	0.0	0	0.36	5	0.11	197.7	195.08	0	2023-04-04 11:00:00	Y
1680609600	-0.032813333333333305	0.9343766666666666	Shin to knee	0.49	6	0.0	54.46	46.99	0	1.71	8	0.48	140.98	133.25	0	1.38	4	0.28	210.89	191.41	0	0.61	13	0.06	80.65	75.38	0	0.0	0	0.0	0.0	0.0	0	0.28	5	0.1	200.46	199.31	0	2023-04-04 12:00:00	Y
1680613200	-0.03281499999999998	0.934385	Shin to knee	0.45	6	0.0	53.84	46.3	0	1.72	8	0.47	140.38	132.89	0	1.26	4	0.25	207.81	188.89	0	0.61	12	0.06	80.92	75.72	0	0.29	15	0.14	122.37	119.22	0	0.0	0	0.0	0.0	0.0	0	2023-04-04 13:00:00	Y
1680616800	-6.66666666665483e-06	0.9671933333333333	Shin to knee	0.47	6	0.0	54.92	47.34	0	1.73	8	0.47	139.61	132.66	0	1.2	4	0.24	205.57	188.03	0	0.61	12	0.06	80.85	75.46	0	0.3	15	0.14	122.3	119.09	0	0.0	0	0.0	0.0	0.0	0	2023-04-04 14:00:00	Y
1680620400	-0.09842833333333331	0.9015716666666667	Shin to knee	0.47	5	0.0	52.08	40.0	0	0.5	5	0.13	216.91	206.96	0	0.0	0	0.0	0.0	0.0	0	0.6	12	0.06	81.1	75.76	0	0.31	15	0.15	122.27	119.04	0	2.0	8	0.57	150.74	135.25	0	2023-04-04 15:00:00	Y
1680624000	0.0	1.0	Shin to knee	0.44	5	0.0	54.58	47.22	0	0.0	0	0.0	0.0	0.0	0	0.99	4	0.21	204.11	187.67	0	0.61	12	0.06	80.62	75.17	0	0.32	15	0.15	122.17	118.91	0	1.78	8	0.5	139.79	132.54	0	2023-04-04 16:00:00	Y
1680627600	-0.01093666666666665	0.9617199999999999	Shin to knee	0.43	5	0.0	54.7	47.37	0	0.0	0	0.0	0.0	0.0	0	0.87	4	0.19	201.87	184.77	0	0.6	12	0.06	80.89	75.45	0	0.33	15	0.15	122.15	118.89	0	1.8	8	0.51	139.86	132.36	0	2023-04-04 17:00:00	Y
1680631200	0.043746666666666656	1.02187	Knee to thigh	0.42	5	0.0	54.8	47.44	0	0.0	0	0.0	0.0	0.0	0	0.86	4	0.19	201.72	186.89	0	0.61	12	0.06	80.79	75.1	0	0.34	15	0.15	122.03	118.74	0	1.8	8	0.51	138.95	132.15	0	2023-04-04 18:00:00	Y
1680634800	-0.06561999999999998	0.95078	Shin to knee	0.42	5	0.0	54.96	47.66	0	0.0	0	0.0	0.0	0.0	0	0.24	5	0.09	203.81	201.18	0	0.6	12	0.07	80.66	75.26	0	0.35	15	0.17	121.75	118.4	0	1.96	8	0.59	145.85	132.84	0	2023-04-04 19:00:00	Y
1680638400	-0.043746666666666656	0.9781199999999999	Shin to knee	0.41	5	0.0	55.15	47.78	0	0.0	0	0.0	0.0	0.0	0	0.22	5	0.08	203.68	201.1	0	0.6	12	0.07	80.51	74.97	0	0.35	15	0.17	121.97	118.65	0	1.95	8	0.59	144.59	132.34	0	2023-04-04 20:00:00	Y
1680642000	0.043746666666666656	1.07108	Knee to thigh	0.4	5	0.0	55.31	47.94	0	0.0	0	0.0	0.0	0.0	0	0.68	3	0.16	196.56	182.53	0	0.58	12	0.06	80.58	74.99	0	0.35	15	0.16	122.0	118.69	0	1.83	8	0.53	138.33	131.52	0	2023-04-04 21:00:00	Y
1680645600	0.0	1.0	Shin to knee	0.39	5	0.0	55.25	48.03	0	0.0	0	0.0	0.0	0.0	0	0.22	5	0.08	200.11	196.47	0	0.57	12	0.07	80.47	74.9	0	0.34	15	0.17	121.94	118.6	0	1.93	8	0.59	142.41	131.55	0	2023-04-04 22:00:00	Y
1680649200	-0.043745000000000006	0.9535216666666667	Shin to knee	0.38	5	0.0	55.26	48.11	0	0.0	0	0.0	0.0	0.0	0	0.17	5	0.07	201.67	199.66	0	0.55	12	0.06	80.6	75.05	0	0.34	15	0.17	121.97	118.64	0	1.93	8	0.6	141.85	131.43	0	2023-04-04 23:00:00	Y
1680652800	-0.08749000000000001	0.9070433333333334	Shin to knee	0.37	5	0.0	55.4	48.25	0	0.36	2	0.07	168.74	159.14	0	0.19	5	0.08	204.08	201.35	0	0.54	12	0.07	80.28	74.76	0	0.33	15	0.18	121.79	118.39	0	1.9	8	0.61	140.37	130.74	0	2023-04-05 00:00:00	Y
1680656400	-0.09842500000000001	0.893365	Shin to knee	0.36	5	0.0	55.51	48.35	0	0.0	0	0.0	0.0	0.0	0	0.25	4	0.09	197.7	193.71	0	0.52	12	0.06	80.38	74.88	0	0.33	15	0.17	121.79	118.48	0	1.95	8	0.59	141.45	131.53	0	2023-04-05 01:00:00	Y
1680660000	-0.14217	0.8468866666666667	Shin to knee	0.0	0	0.0	0.0	0.0	0	0.77	2	0.14	180.42	167.77	0	0.0	0	0.0	0.0	0.0	0	0.63	12	0.04	72.71	64.46	0	0.32	15	0.14	121.88	118.49	0	1.87	8	0.51	138.4	130.32	0	2023-04-05 02:00:00	Y
1680663600	-0.08748500000000003	0.8988383333333334	Shin to knee	0.0	0	0.0	0.0	0.0	0	0.93	3	0.17	182.47	169.82	0	0.0	0	0.0	0.0	0.0	0	0.61	12	0.04	72.86	64.63	0	0.31	15	0.14	122.01	118.66	0	1.86	8	0.48	137.41	129.85	0	2023-04-05 03:00:00	Y
1680667200	-0.09842000000000001	0.91798	Shin to knee	0.31	5	0.0	53.99	47.83	0	1.06	3	0.21	183.46	171.07	0	0.0	0	0.0	0.0	0.0	0	0.51	12	0.05	80.14	74.49	0	0.31	15	0.15	122.08	118.75	0	1.85	8	0.5	136.26	129.09	0	2023-04-05 04:00:00	Y
1680670800	-0.07655499999999998	0.9043016666666667	Shin to knee	0.3	5	0.0	53.01	47.26	0	1.21	3	0.24	184.72	171.96	0	0.0	0	0.0	0.0	0.0	0	0.49	12	0.05	80.33	74.63	0	0.3	14	0.14	122.27	118.99	0	1.84	8	0.49	135.07	128.72	0	2023-04-05 05:00:00	Y
1680674400	-0.054680000000000006	0.9562533333333334	Shin to knee	0.29	5	0.0	53.09	47.39	0	1.38	3	0.26	185.89	172.64	0	0.0	0	0.0	0.0	0.0	0	0.48	12	0.05	80.31	74.52	0	0.3	14	0.14	122.41	119.17	0	1.84	8	0.47	134.5	128.33	0	2023-04-05 06:00:00	Y
1680678000	-0.03280499999999992	0.975395	Shin to knee	0.28	5	0.0	53.42	47.57	0	1.55	3	0.29	185.41	170.35	0	0.0	0	0.0	0.0	0.0	0	0.46	12	0.05	79.96	74.41	0	0.32	14	0.13	121.97	118.66	0	1.81	8	0.45	134.61	128.86	0	2023-04-05 07:00:00	Y
1680681600	-0.01093999999999995	0.9617166666666667	Shin to knee	0.26	6	0.0	52.78	47.31	0	1.69	4	0.31	186.78	171.22	0	0.0	0	0.0	0.0	0.0	0	0.45	12	0.04	79.82	74.21	0	0.33	14	0.13	122.02	118.71	0	1.8	8	0.44	134.17	128.59	0	2023-04-05 08:00:00	Y
1680685200	0.010935000000000028	0.9808583333333333	Shin to knee	0.25	6	0.0	53.37	47.64	0	1.8	4	0.33	188.99	173.48	0	0.0	0	0.0	0.0	0.0	0	0.43	12	0.04	79.88	74.27	0	0.34	14	0.13	122.07	118.77	0	1.81	8	0.43	133.58	128.15	0	2023-04-05 09:00:00	Y
1680688800	0.0	1.0	Shin to knee	0.24	6	0.0	53.54	47.83	0	1.92	4	0.34	189.69	174.01	0	0.0	0	0.0	0.0	0.0	0	0.42	11	0.04	79.73	74.06	0	0.36	13	0.13	122.12	118.81	0	1.79	8	0.42	133.07	127.77	0	2023-04-05 10:00:00	Y
1680692400	0.010929999999999995	0.9781299999999999	Shin to knee	0.23	6	0.0	52.96	47.74	0	2.02	4	0.35	190.07	174.08	0	0.0	0	0.0	0.0	0.0	0	0.41	11	0.04	79.68	74.03	0	0.38	13	0.13	122.01	118.62	0	1.79	8	0.41	133.2	127.91	0	2023-04-05 11:00:00	Y
1680696000	-0.01094000000000006	0.9890599999999999	Shin to knee	0.22	6	0.0	53.0	47.78	0	2.11	4	0.36	190.11	174.25	0	0.0	0	0.0	0.0	0.0	0	0.4	11	0.04	79.59	73.89	0	0.39	13	0.13	122.06	118.67	0	1.8	8	0.4	132.63	127.37	0	2023-04-05 12:00:00	Y
1680699600	0.0	0.9671899999999999	Shin to knee	0.21	6	0.0	53.26	48.07	0	2.23	4	0.38	187.75	171.56	0	0.0	0	0.0	0.0	0.0	0	0.39	11	0.04	79.63	73.93	0	0.42	13	0.14	122.05	118.68	0	1.78	8	0.38	132.4	127.22	0	2023-04-05 13:00:00	Y
1680703200	0.01094000000000006	0.9781299999999998	Shin to knee	0.2	6	0.0	53.58	48.41	0	2.33	4	0.38	186.36	170.27	0	0.0	0	0.0	0.0	0.0	0	0.37	11	0.03	78.98	73.59	0	0.43	13	0.14	122.09	118.68	0	1.82	8	0.38	132.35	127.06	0	2023-04-05 14:00:00	Y
1680706800	0.021869999999999945	0.9890699999999999	Shin to knee	0.19	6	0.0	53.45	48.52	0	2.47	4	0.39	183.12	166.96	0	0.0	0	0.0	0.0	0.0	0	0.36	11	0.03	79.02	73.61	0	0.46	13	0.14	122.1	118.71	0	1.82	8	0.37	131.76	126.6	0	2023-04-05 15:00:00	Y
1680710400	0.0	1.0	Shin to knee	0.18	6	0.0	53.27	48.61	0	2.53	4	0.39	181.52	165.33	0	0.0	0	0.0	0.0	0.0	0	0.35	11	0.03	79.01	73.54	0	0.47	13	0.14	122.06	118.66	0	1.89	8	0.37	132.07	126.64	0	2023-04-05 16:00:00	Y
1680714000	0.05468166666666674	1.0546816666666667	Knee to thigh	0.17	6	0.0	54.33	49.2	0	2.61	4	0.4	179.22	162.95	0	0.0	0	0.0	0.0	0.0	0	0.34	11	0.03	79.04	73.56	0	0.49	13	0.14	122.07	118.69	0	1.9	8	0.36	131.52	126.16	0	2023-04-05 17:00:00	Y
1680717600	0.10936333333333348	1.0765533333333335	Knee to thigh	0.0	0	0.0	0.0	0.0	0	2.64	4	0.37	178.32	161.98	0	0.0	0	0.0	0.0	0.0	0	0.33	11	0.03	78.88	73.28	0	0.51	13	0.14	122.02	118.61	0	1.95	8	0.35	131.69	126.11	0	2023-04-05 18:00:00	Y
1680721200	0.0984250000000001	1.0984250000000002	Knee to thigh	0.0	0	0.0	0.0	0.0	0	2.68	4	0.38	176.45	159.86	0	0.0	0	0.0	0.0	0.0	0	0.31	11	0.03	78.9	73.28	0	0.53	13	0.14	122.04	118.64	0	1.88	8	0.34	130.12	124.98	0	2023-04-05 19:00:00	Y
1680724800	0.054676666666666596	1.0546766666666665	Knee to thigh	0.0	0	0.0	0.0	0.0	0	2.63	4	0.38	175.4	158.13	0	0.0	0	0.0	0.0	0.0	0	0.3	11	0.03	78.88	73.21	0	0.54	13	0.14	121.97	118.56	0	1.83	8	0.33	130.21	125.17	0	2023-04-05 20:00:00	Y
1680728400	0.010938333333333383	1.0109383333333333	Knee to thigh	0.0	0	0.0	0.0	0.0	0	2.5	4	0.37	176.73	159.25	0	0.0	0	0.0	0.0	0.0	0	0.3	11	0.03	77.51	71.14	0	0.54	13	0.14	121.99	118.59	0	1.85	8	0.34	129.39	123.77	0	2023-04-05 21:00:00	Y
1680732000	0.0	1.0	Shin to knee	0.0	0	0.0	0.0	0.0	0	2.42	4	0.36	177.09	158.98	0	0.0	0	0.0	0.0	0.0	0	0.29	11	0.03	77.65	71.3	0	0.55	13	0.15	121.93	118.51	0	1.85	8	0.34	130.26	124.98	0	2023-04-05 22:00:00	Y
1680735600	0.03827499999999995	1.0396966666666667	Knee to thigh	0.0	0	0.0	0.0	0.0	0	2.39	4	0.36	177.69	159.55	0	0.0	0	0.0	0.0	0.0	0	0.27	11	0.02	76.54	70.71	0	0.55	13	0.15	121.69	118.12	0	1.84	8	0.34	129.86	124.71	0	2023-04-05 23:00:00	Y
1680739200	0.10936000000000001	1.1122033333333334	Knee to thigh	0.0	0	0.0	0.0	0.0	0	2.38	4	0.36	178.27	160.19	0	0.0	0	0.0	0.0	0.0	0	0.26	11	0.01	76.56	70.76	0	0.56	13	0.15	121.61	118.04	0	1.84	8	0.35	129.59	124.59	0	2023-04-06 00:00:00	Y
1680742800	0.21325499999999997	1.18471	Knee to thigh	0.0	0	0.0	0.0	0.0	0	2.43	4	0.37	177.05	158.95	0	0.0	0	0.0	0.0	0.0	0	0.25	11	0.01	76.52	70.76	0	0.55	13	0.15	121.63	118.05	0	1.82	8	0.34	129.3	124.35	0	2023-04-06 01:00:00	Y
1680746400	0.2843399999999999	1.2900266666666667	Knee to thigh	0.0	0	0.0	0.0	0.0	0	2.48	4	0.37	176.48	158.61	0	0.0	0	0.0	0.0	0.0	0	0.24	11	0.01	76.49	70.76	0	0.54	13	0.15	121.56	117.96	0	1.83	8	0.34	128.69	123.73	0	2023-04-06 02:00:00	Y
1680750000	0.388235	1.3625333333333334	Knee to thigh	0.0	0	0.0	0.0	0.0	0	2.59	4	0.39	173.56	155.66	0	0.0	0	0.0	0.0	0.0	0	0.23	11	0.01	75.82	70.38	0	0.53	13	0.14	121.44	117.77	0	1.77	8	0.33	128.17	123.46	0	2023-04-06 03:00:00	Y
1680753600	0.45932	1.4678499999999999	Knee to thigh	0.0	0	0.0	0.0	0.0	0	2.64	4	0.39	172.72	154.9	0	0.0	0	0.0	0.0	0.0	0	0.22	11	0.01	76.38	70.71	0	0.52	13	0.14	121.45	117.82	0	1.78	8	0.33	127.97	123.27	0	2023-04-06 04:00:00	Y
1680757200	0.563215	1.5403566666666666	Knee to thigh	0.0	0	0.0	0.0	0.0	0	2.69	4	0.4	171.49	153.58	0	0.0	0	0.0	0.0	0.0	0	0.21	11	0.01	76.34	70.68	0	0.52	13	0.14	121.37	117.8	0	1.77	8	0.33	128.11	123.48	0	2023-04-06 05:00:00	Y
1680760800	0.6343	1.6456733333333333	Knee to thigh	0.0	0	0.0	0.0	0.0	0	2.76	4	0.4	170.13	152.15	0	0.0	0	0.0	0.0	0.0	0	0.2	11	0.01	76.35	70.68	0	0.52	13	0.14	121.75	118.11	0	1.73	8	0.32	128.06	123.34	0	2023-04-06 06:00:00	Y
1680764400	0.738185	1.7181799999999998	Knee to thigh	0.0	0	0.0	0.0	0.0	0	2.8	4	0.41	169.11	151.12	0	0.0	0	0.0	0.0	0.0	0	0.19	11	0.01	76.45	70.77	0	0.51	13	0.14	121.79	118.17	0	1.71	9	0.32	127.59	122.65	0	2023-04-06 07:00:00	Y
1680768000	0.8092699999999999	1.7906866666666668	Knee to thigh	0.0	0	0.0	0.0	0.0	0	2.87	5	0.42	166.94	148.77	0	0.0	0	0.0	0.0	0.0	0	0.19	10	0.01	76.51	70.79	0	0.51	13	0.14	121.78	118.15	0	1.65	9	0.3	127.35	122.86	0	2023-04-06 08:00:00	Y
1680771600	0.8475550000000001	1.8631933333333333	Knee to thigh	0.0	0	0.0	0.0	0.0	0	2.89	5	0.43	165.69	147.42	0	0.0	0	0.0	0.0	0.0	0	0.18	10	0.01	77.0	71.49	0	0.5	13	0.14	121.8	118.19	0	1.66	9	0.3	127.2	122.69	0	2023-04-06 09:00:00	Y
1680775200	0.95144	1.9357	Knee to thigh	0.0	0	0.0	0.0	0.0	0	2.92	5	0.43	164.66	146.36	0	0.0	0	0.0	0.0	0.0	0	0.17	10	0.01	76.25	71.02	0	0.5	13	0.13	121.82	118.21	0	1.67	9	0.3	126.78	122.21	0	2023-04-06 10:00:00	Y
1680778800	0.95144	1.9357	Knee to thigh	0.0	0	0.0	0.0	0.0	0	2.97	5	0.41	163.29	144.89	0	0.0	0	0.0	0.0	0.0	0	0.0	0	0.0	0.0	0.0	0	0.49	13	0.13	122.3	118.8	0	1.67	9	0.29	126.79	122.28	0	2023-04-06 11:00:00	Y
1680782400	0.95144	1.9357	Knee to thigh	0.0	0	0.0	0.0	0.0	0	3.02	5	0.42	162.15	143.75	0	0.0	0	0.0	0.0	0.0	0	0.0	0	0.0	0.0	0.0	0	0.52	13	0.13	118.56	111.1	0	1.64	9	0.28	126.28	121.8	0	2023-04-06 12:00:00	Y
1680786000	0.95144	1.9685	Knee to thigh	0.0	0	0.0	0.0	0.0	0	3.08	5	0.42	161.88	143.37	0	0.0	0	0.0	0.0	0.0	0	0.0	0	0.0	0.0	0.0	0	0.53	13	0.13	118.45	111.37	0	1.6	9	0.28	126.24	122.04	0	2023-04-06 13:00:00	Y
1680789600	0.98425	2.00131	Thigh to waist	0.0	0	0.0	0.0	0.0	0	3.12	5	0.43	163.06	144.33	0	0.0	0	0.0	0.0	0.0	0	0.0	0	0.0	0.0	0.0	0	0.54	12	0.13	118.79	111.93	0	1.6	9	0.27	126.12	121.92	0	2023-04-06 14:00:00	N
1680793200	1.01706	2.00131	Thigh to waist	0.0	0	0.0	0.0	0.0	0	3.15	5	0.43	164.8	145.75	0	0.0	0	0.0	0.0	0.0	0	0.0	0	0.0	0.0	0.0	0	0.54	12	0.13	119.08	112.44	0	1.61	9	0.27	125.98	121.78	0	2023-04-06 15:00:00	N
1680796800	1.01706	2.00131	Thigh to waist	0.0	0	0.0	0.0	0.0	0	3.13	5	0.43	166.01	146.87	0	0.0	0	0.0	0.0	0.0	0	0.0	0	0.0	0.0	0.0	0	0.58	12	0.13	119.27	113.08	0	1.62	9	0.27	125.48	121.09	0	2023-04-06 16:00:00	N
1680800400	0.98425	1.9685	Knee to thigh	0.0	0	0.0	0.0	0.0	0	3.1	5	0.43	165.54	146.25	0	0.0	0	0.0	0.0	0.0	0	0.0	0	0.0	0.0	0.0	0	0.59	12	0.13	119.49	113.53	0	1.61	9	0.27	126.02	121.8	0	2023-04-06 17:00:00	Y
1680804000	0.91864	1.9357	Knee to thigh	0.0	0	0.0	0.0	0.0	0	3.01	5	0.42	165.73	146.59	0	0.0	0	0.0	0.0	0.0	0	0.0	0	0.0	0.0	0.0	0	0.6	12	0.14	119.72	113.92	0	1.65	9	0.28	125.0	120.41	0	2023-04-06 18:00:00	Y
1680807600	0.88583	1.87008	Knee to thigh	0.0	0	0.0	0.0	0.0	0	2.96	5	0.42	164.33	145.08	0	0.0	0	0.0	0.0	0.0	0	0.0	0	0.0	0.0	0.0	0	0.61	12	0.14	119.82	114.2	0	1.64	9	0.28	125.27	120.73	0	2023-04-06 19:00:00	Y
1680811200	0.7874	1.77165	Knee to thigh	2.56	5	0.35	148.36	134.82	0	0.0	0	0.0	0.0	0.0	0	1.34	4	0.15	224.5	215.58	0	0.0	0	0.0	0.0	0.0	0	0.62	12	0.13	120.06	114.52	0	1.64	9	0.26	125.2	120.6	0	2023-04-06 20:00:00	Y
1680814800	0.72178	1.73885	Knee to thigh	2.53	5	0.34	147.29	133.77	0	0.0	0	0.0	0.0	0.0	0	1.29	4	0.15	224.18	214.79	0	0.0	0	0.0	0.0	0.0	0	0.63	12	0.14	120.12	114.7	0	1.63	9	0.26	124.62	120.11	0	2023-04-06 21:00:00	Y
1680818400	0.68898	1.70604	Knee to thigh	2.48	5	0.34	146.24	132.77	0	0.0	0	0.0	0.0	0.0	0	1.24	4	0.15	224.41	215.15	0	0.0	0	0.0	0.0	0.0	0	0.64	12	0.14	120.19	114.83	0	1.65	9	0.27	124.58	120.01	0	2023-04-06 22:00:00	Y
1680822000	0.68898	1.70604	Knee to thigh	2.29	5	0.32	145.45	131.31	0	0.0	0	0.0	0.0	0.0	0	1.18	4	0.14	225.02	216.13	0	0.0	0	0.0	0.0	0.0	0	0.66	12	0.14	120.21	114.94	0	1.88	8	0.3	128.41	122.32	0	2023-04-06 23:00:00	Y
1680825600	0.7874	1.77165	Knee to thigh	0.0	0	0.0	0.0	0.0	0	0.0	0	0.0	0.0	0.0	0	1.21	4	0.17	220.97	211.35	0	0.0	0	0.0	0.0	0.0	0	0.67	12	0.16	120.29	115.07	0	2.92	8	0.5	135.92	124.52	0	2023-04-07 00:00:00	Y
1680829200	0.7874	1.77165	Knee to thigh	0.0	0	0.0	0.0	0.0	0	0.0	0	0.0	0.0	0.0	0	1.18	4	0.16	220.31	210.99	0	0.0	0	0.0	0.0	0.0	0	0.68	12	0.16	120.28	115.13	0	2.92	8	0.5	134.66	123.74	0	2023-04-07 01:00:00	Y
1680832800	0.7874	1.77165	Knee to thigh	0.0	0	0.0	0.0	0.0	0	0.0	0	0.0	0.0	0.0	0	1.17	4	0.16	217.98	208.03	0	0.0	0	0.0	0.0	0.0	0	0.68	12	0.16	120.77	116.23	0	2.91	8	0.5	133.42	122.85	0	2023-04-07 02:00:00	Y
1680836400	0.75459	1.77165	Knee to thigh	0.0	0	0.0	0.0	0.0	0	0.0	0	0.0	0.0	0.0	0	1.09	4	0.15	219.94	210.79	0	0.0	0	0.0	0.0	0.0	0	0.67	12	0.16	120.78	116.3	0	2.94	8	0.5	133.08	122.48	0	2023-04-07 03:00:00	Y
1680840000	0.75459	1.77165	Knee to thigh	0.0	0	0.0	0.0	0.0	0	0.0	0	0.0	0.0	0.0	0	1.06	4	0.15	218.86	209.43	0	0.0	0	0.0	0.0	0.0	0	0.67	12	0.17	120.74	116.23	0	2.94	8	0.49	132.29	121.9	0	2023-04-07 04:00:00	Y
1680843600	0.7874	1.77165	Knee to thigh	0.0	0	0.0	0.0	0.0	0	0.0	0	0.0	0.0	0.0	0	1.04	4	0.16	217.59	208.17	0	0.0	0	0.0	0.0	0.0	0	0.68	12	0.17	120.73	116.31	0	2.94	8	0.48	131.37	121.33	0	2023-04-07 05:00:00	Y
1680847200	0.75459	1.77165	Knee to thigh	0.0	0	0.0	0.0	0.0	0	0.0	0	0.0	0.0	0.0	0	0.99	4	0.15	217.99	208.76	0	0.0	0	0.0	0.0	0.0	0	0.69	12	0.17	120.56	115.97	0	2.95	8	0.49	130.96	120.94	0	2023-04-07 06:00:00	Y
1680850800	0.72178	1.73885	Knee to thigh	0.0	0	0.0	0.0	0.0	0	0.0	0	0.0	0.0	0.0	0	0.91	4	0.14	219.73	211.02	0	0.0	0	0.0	0.0	0.0	0	0.69	12	0.17	120.42	115.8	0	2.96	8	0.49	130.76	120.59	0	2023-04-07 07:00:00	Y
1680854400	0.72178	1.70604	Knee to thigh	0.0	0	0.0	0.0	0.0	0	0.0	0	0.0	0.0	0.0	0	0.9	4	0.14	217.75	208.72	0	0.0	0	0.0	0.0	0.0	0	0.69	12	0.17	120.34	115.67	0	2.94	8	0.49	129.88	120.04	0	2023-04-07 08:00:00	Y
1680858000	0.72178	1.70604	Knee to thigh	0.0	0	0.0	0.0	0.0	0	0.0	0	0.0	0.0	0.0	0	0.91	4	0.14	214.95	205.63	0	0.0	0	0.0	0.0	0.0	0	0.69	12	0.17	120.3	115.69	0	2.93	8	0.49	128.83	119.47	0	2023-04-07 09:00:00	Y
1680861600	0.65617	1.67323	Knee to thigh	0.0	0	0.0	0.0	0.0	0	0.0	0	0.0	0.0	0.0	0	0.78	4	0.12	219.7	211.32	0	0.0	0	0.0	0.0	0.0	0	0.66	12	0.17	121.59	117.65	0	2.98	8	0.51	129.18	119.17	0	2023-04-07 10:00:00	Y
1680865200	0.62336	1.60761	Knee to thigh	0.0	0	0.0	0.0	0.0	0	0.0	0	0.0	0.0	0.0	0	0.0	0	0.0	0.0	0.0	0	0.0	0	0.0	0.0	0.0	0	0.65	12	0.18	121.67	117.97	0	3.13	8	0.55	130.81	117.06	0	2023-04-07 11:00:00	Y
1680868800	0.59055	1.5748	Knee to thigh	0.0	0	0.0	0.0	0.0	0	0.0	0	0.0	0.0	0.0	0	0.71	4	0.12	216.61	208.39	0	0.0	0	0.0	0.0	0.0	0	0.64	12	0.17	121.69	118.02	0	3.12	8	0.51	123.41	111.11	0	2023-04-07 12:00:00	Y
1680872400	0.55774	1.5748	Knee to thigh	0.0	0	0.0	0.0	0.0	0	0.0	0	0.0	0.0	0.0	0	0.0	0	0.0	0.0	0.0	0	1.94	3	0.0	40.3	26.3	0	0.63	12	0.19	121.6	117.93	0	3.02	8	0.59	130.22	118.06	0	2023-04-07 13:00:00	Y
1680876000	0.59055	1.5748	Knee to thigh	0.0	0	0.0	0.0	0.0	0	0.0	0	0.0	0.0	0.0	0	0.58	4	0.11	212.82	205.48	0	2.87	4	0.0	36.6	23.2	0	0.62	12	0.19	121.56	117.87	0	2.93	8	0.55	126.71	118.15	0	2023-04-07 14:00:00	Y
1680879600	0.52493	1.50919	Knee to thigh	0.0	0	0.0	0.0	0.0	0	0.0	0	0.0	0.0	0.0	0	0.0	0	0.0	0.0	0.0	0	3.62	5	0.0	37.46	23.97	0	0.61	12	0.19	121.47	117.76	0	2.95	8	0.59	128.13	117.72	0	2023-04-07 15:00:00	Y
1680883200	0.52493	1.50919	Knee to thigh	0.0	0	0.0	0.0	0.0	0	0.0	0	0.0	0.0	0.0	0	0.42	4	0.09	214.29	208.49	0	3.98	5	0.0	38.04	24.55	0	0.64	12	0.2	121.5	118.18	0	2.89	8	0.56	126.27	118.06	0	2023-04-07 16:00:00	Y
1680886800	0.49213	1.50919	Knee to thigh	0.0	0	0.0	0.0	0.0	0	0.0	0	0.0	0.0	0.0	0	0.0	0	0.0	0.0	0.0	0	4.11	5	0.0	38.42	24.85	0	0.63	12	0.2	121.41	118.13	0	2.91	8	0.57	127.34	117.79	0	2023-04-07 17:00:00	Y
1680890400	0.49213	1.50919	Knee to thigh	0.0	0	0.0	0.0	0.0	0	0.0	0	0.0	0.0	0.0	0	0.0	0	0.0	0.0	0.0	0	4.08	5	0.0	37.68	24.38	0	0.63	12	0.19	121.33	118.07	0	2.94	8	0.57	126.64	117.22	0	2023-04-07 18:00:00	Y
1680894000	0.49213	1.47638	Knee to thigh	0.0	0	0.0	0.0	0.0	0	0.0	0	0.0	0.0	0.0	0	0.0	0	0.0	0.0	0.0	0	4.07	5	0.0	37.19	24.02	0	0.55	12	0.18	121.55	117.98	0	2.95	8	0.59	126.29	117.04	0	2023-04-07 19:00:00	Y
1680897600	0.49213	1.47638	Knee to thigh	0.0	0	0.0	0.0	0.0	0	0.0	0	0.0	0.0	0.0	0	0.0	0	0.0	0.0	0.0	0	4.02	6	0.0	36.73	23.67	0	0.68	12	0.21	122.75	119.41	0	2.92	8	0.56	125.97	116.74	0	2023-04-07 20:00:00	Y
1680901200	0.45932	1.47638	Knee to thigh	0.0	0	0.0	0.0	0.0	0	0.0	0	0.0	0.0	0.0	0	0.0	0	0.0	0.0	0.0	0	3.96	6	0.0	36.21	23.3	0	0.37	12	0.14	119.52	118.17	0	2.99	8	0.61	125.28	116.2	0	2023-04-07 21:00:00	Y
1680904800	0.45932	1.47638	Knee to thigh	0.0	0	0.0	0.0	0.0	0	0.0	0	0.0	0.0	0.0	0	0.0	0	0.0	0.0	0.0	0	3.87	6	0.0	35.78	22.91	0	0.36	12	0.14	119.52	118.14	0	3.0	8	0.62	124.82	115.81	0	2023-04-07 22:00:00	Y
1680908400	0.45932	1.44357	Knee to thigh	0.0	0	0.0	0.0	0.0	0	0.0	0	0.0	0.0	0.0	0	0.0	0	0.0	0.0	0.0	0	3.7	6	0.0	36.22	22.99	0	0.0	0	0.0	0.0	0.0	0	3.02	8	0.66	124.6	115.75	0	2023-04-07 23:00:00	Y
1680912000	0.45932	1.44357	Knee to thigh	0.0	0	0.0	0.0	0.0	0	0.0	0	0.0	0.0	0.0	0	0.0	0	0.0	0.0	0.0	0	3.44	6	0.0	36.82	23.31	0	0.0	0	0.0	0.0	0.0	0	3.04	8	0.66	124.2	115.34	0	2023-04-08 00:00:00	Y
1680915600	0.42651	1.44357	Knee to thigh	0.0	0	0.0	0.0	0.0	0	0.0	0	0.0	0.0	0.0	0	0.0	0	0.0	0.0	0.0	0	3.11	6	0.0	37.56	23.98	0	0.0	0	0.0	0.0	0.0	0	3.08	8	0.66	123.57	114.62	0	2023-04-08 01:00:00	Y
1680919200	0.42651	1.44357	Knee to thigh	0.0	0	0.0	0.0	0.0	0	0.0	0	0.0	0.0	0.0	0	0.0	0	0.0	0.0	0.0	0	2.83	6	0.0	39.57	25.97	0	0.0	0	0.0	0.0	0.0	0	3.11	8	0.66	123.34	114.38	0	2023-04-08 02:00:00	Y
1680922800	0.42651	1.44357	Knee to thigh	0.0	0	0.0	0.0	0.0	0	0.0	0	0.0	0.0	0.0	0	0.0	0	0.0	0.0	0.0	0	2.61	6	0.0	42.37	29.04	0	0.0	0	0.0	0.0	0.0	0	3.14	8	0.67	123.06	114.06	0	2023-04-08 03:00:00	Y
1680926400	0.42651	1.44357	Knee to thigh	0.0	0	0.0	0.0	0.0	0	0.0	0	0.0	0.0	0.0	0	0.0	0	0.0	0.0	0.0	0	2.47	6	0.0	46.07	33.25	0	0.0	0	0.0	0.0	0.0	0	3.15	8	0.67	123.06	114.15	0	2023-04-08 04:00:00	Y
1680930000	0.45932	1.44357	Knee to thigh	0.0	0	0.0	0.0	0.0	0	0.0	0	0.0	0.0	0.0	0	0.0	0	0.0	0.0	0.0	0	2.39	7	0.0	49.48	37.57	0	0.0	0	0.0	0.0	0.0	0	3.16	8	0.67	122.96	114.07	0	2023-04-08 05:00:00	Y
1680933600	0.45932	1.44357	Knee to thigh	0.0	0	0.0	0.0	0.0	0	0.0	0	0.0	0.0	0.0	0	0.0	0	0.0	0.0	0.0	0	2.35	7	0.0	52.51	41.5	0	0.0	0	0.0	0.0	0.0	0	3.17	8	0.67	122.89	114.02	0	2023-04-08 06:00:00	Y
1680937200	0.45932	1.44357	Knee to thigh	0.0	0	0.0	0.0	0.0	0	0.0	0	0.0	0.0	0.0	0	0.0	0	0.0	0.0	0.0	0	2.31	7	0.0	54.76	44.63	0	0.0	0	0.0	0.0	0.0	0	3.18	8	0.67	122.74	113.87	0	2023-04-08 07:00:00	Y
1680940800	0.45932	1.44357	Knee to thigh	0.0	0	0.0	0.0	0.0	0	0.0	0	0.0	0.0	0.0	0	0.0	0	0.0	0.0	0.0	0	2.25	7	0.0	56.02	46.77	0	0.0	0	0.0	0.0	0.0	0	3.2	8	0.66	122.44	113.48	0	2023-04-08 08:00:00	Y
1680944400	0.45932	1.44357	Knee to thigh	0.0	0	0.0	0.0	0.0	0	0.0	0	0.0	0.0	0.0	0	0.0	0	0.0	0.0	0.0	0	2.21	7	0.0	57.48	48.74	0	0.0	0	0.0	0.0	0.0	0	3.2	8	0.66	122.43	113.45	0	2023-04-08 09:00:00	Y
1680948000	0.42651	1.44357	Knee to thigh	0.0	0	0.0	0.0	0.0	0	0.0	0	0.0	0.0	0.0	0	0.0	0	0.0	0.0	0.0	0	2.16	7	0.0	58.6	50.24	0	0.0	0	0.0	0.0	0.0	0	3.19	8	0.66	122.4	113.38	0	2023-04-08 10:00:00	Y
1680951600	0.42651	1.44357	Knee to thigh	0.0	0	0.0	0.0	0.0	0	0.0	0	0.0	0.0	0.0	0	0.0	0	0.0	0.0	0.0	0	2.09	7	0.0	59.05	51.11	0	0.0	0	0.0	0.0	0.0	0	3.2	8	0.66	122.17	113.08	0	2023-04-08 11:00:00	Y
1680955200	0.42651	1.44357	Knee to thigh	0.0	0	0.0	0.0	0.0	0	0.0	0	0.0	0.0	0.0	0	0.0	0	0.0	0.0	0.0	0	2.04	7	0.0	59.39	51.66	0	0.0	0	0.0	0.0	0.0	0	3.2	8	0.66	121.85	112.65	0	2023-04-08 12:00:00	Y
1680958800	0.42651	1.41076	Knee to thigh	0.0	0	0.0	0.0	0.0	0	0.0	0	0.0	0.0	0.0	0	0.0	0	0.0	0.0	0.0	0	2.0	7	0.0	59.39	51.63	0	0.0	0	0.0	0.0	0.0	0	3.21	8	0.66	121.59	112.36	0	2023-04-08 13:00:00	Y
1680962400	0.42651	1.41076	Knee to thigh	0.0	0	0.0	0.0	0.0	0	0.0	0	0.0	0.0	0.0	0	0.0	0	0.0	0.0	0.0	0	2.0	7	0.0	59.66	51.44	0	0.0	0	0.0	0.0	0.0	0	3.2	8	0.66	121.7	112.57	0	2023-04-08 14:00:00	Y
1680966000	0.42651	1.41076	Knee to thigh	0.0	0	0.0	0.0	0.0	0	0.0	0	0.0	0.0	0.0	0	0.0	0	0.0	0.0	0.0	0	1.99	7	0.0	59.24	50.6	0	0.0	0	0.0	0.0	0.0	0	3.2	8	0.66	121.53	112.41	0	2023-04-08 15:00:00	Y
1680969600	0.42651	1.41076	Knee to thigh	0.0	0	0.0	0.0	0.0	0	0.0	0	0.0	0.0	0.0	0	0.0	0	0.0	0.0	0.0	0	1.99	7	0.0	59.28	50.58	0	0.0	0	0.0	0.0	0.0	0	3.21	9	0.66	121.43	112.34	0	2023-04-08 16:00:00	Y
1680973200	0.42651	1.44357	Knee to thigh	0.0	0	0.0	0.0	0.0	0	0.0	0	0.0	0.0	0.0	0	0.0	0	0.0	0.0	0.0	0	1.96	7	0.0	58.89	50.26	0	0.0	0	0.0	0.0	0.0	0	3.23	9	0.66	121.22	112.15	0	2023-04-08 17:00:00	Y
1680976800	0.42651	1.44357	Knee to thigh	0.0	0	0.0	0.0	0.0	0	0.0	0	0.0	0.0	0.0	0	0.0	0	0.0	0.0	0.0	0	1.96	7	0.0	59.3	50.53	0	0.0	0	0.0	0.0	0.0	0	3.25	9	0.66	121.35	112.41	0	2023-04-08 18:00:00	Y
1680980400	0.45932	1.47638	Knee to thigh	0.0	0	0.0	0.0	0.0	0	0.0	0	0.0	0.0	0.0	0	0.0	0	0.0	0.0	0.0	0	1.92	7	0.0	59.0	50.24	0	0.0	0	0.0	0.0	0.0	0	3.29	9	0.67	121.17	112.22	0	2023-04-08 19:00:00	Y
1680984000	0.49213	1.47638	Knee to thigh	0.0	0	0.0	0.0	0.0	0	0.0	0	0.0	0.0	0.0	0	0.0	0	0.0	0.0	0.0	0	1.89	7	0.0	59.21	50.47	0	0.0	0	0.0	0.0	0.0	0	3.34	9	0.67	121.3	112.47	0	2023-04-08 20:00:00	Y
1680987600	0.52493	1.50919	Knee to thigh	0.0	0	0.0	0.0	0.0	0	0.0	0	0.0	0.0	0.0	0	0.0	0	0.0	0.0	0.0	0	1.89	7	0.0	60.12	51.3	0	0.0	0	0.0	0.0	0.0	0	3.38	9	0.67	121.7	113.11	0	2023-04-08 21:00:00	Y
1680991200	0.62336	1.60761	Knee to thigh	0.0	0	0.0	0.0	0.0	0	0.0	0	0.0	0.0	0.0	0	0.0	0	0.0	0.0	0.0	0	1.84	7	0.0	60.26	51.48	0	1.62	11	0.34	125.94	121.9	0	3.06	9	0.48	120.42	111.05	0	2023-04-08 22:00:00	Y
1680994800	0.68898	1.67323	Knee to thigh	0.0	0	0.0	0.0	0.0	0	0.0	0	0.0	0.0	0.0	0	0.0	0	0.0	0.0	0.0	0	1.84	7	0.0	61.39	52.62	0	1.73	11	0.35	126.08	122.1	0	3.08	9	0.47	120.89	111.75	0	2023-04-08 23:00:00	Y
1680998400	0.72178	1.73885	Knee to thigh	0.0	0	0.0	0.0	0.0	0	0.0	0	0.0	0.0	0.0	0	0.0	0	0.0	0.0	0.0	0	1.81	7	0.0	61.43	52.96	0	1.81	11	0.35	125.81	121.98	0	3.13	9	0.47	121.09	112.02	0	2023-04-09 00:00:00	Y
1681002000	0.75459	1.73885	Knee to thigh	0.0	0	0.0	0.0	0.0	0	0.0	0	0.0	0.0	0.0	0	0.0	0	0.0	0.0	0.0	0	1.76	7	0.0	61.2	53.1	0	0.0	0	0.0	0.0	0.0	0	3.71	9	0.7	122.34	114.28	0	2023-04-09 01:00:00	Y
1681005600	0.85302	1.83727	Knee to thigh	0.0	0	0.0	0.0	0.0	0	0.0	0	0.0	0.0	0.0	0	0.0	0	0.0	0.0	0.0	0	1.73	7	0.0	61.37	53.46	0	0.0	0	0.0	0.0	0.0	0	3.8	9	0.7	122.47	114.47	0	2023-04-09 02:00:00	Y
1681009200	0.91864	1.9357	Knee to thigh	0.0	0	0.0	0.0	0.0	0	0.0	0	0.0	0.0	0.0	0	0.0	0	0.0	0.0	0.0	0	1.71	7	0.0	61.91	54.08	0	0.0	0	0.0	0.0	0.0	0	3.87	10	0.72	122.68	114.81	0	2023-04-09 03:00:00	Y
1681012800	0.98425	1.9685	Knee to thigh	0.0	0	0.0	0.0	0.0	0	0.0	0	0.0	0.0	0.0	0	0.0	0	0.0	0.0	0.0	0	1.68	7	0.0	61.86	54.13	0	0.0	0	0.0	0.0	0.0	0	3.94	10	0.72	122.77	114.94	0	2023-04-09 04:00:00	Y
1681016400	1.01706	2.00131	Thigh to waist	0.0	0	0.0	0.0	0.0	0	0.0	0	0.0	0.0	0.0	0	0.0	0	0.0	0.0	0.0	0	1.64	7	0.0	61.39	53.77	0	0.0	0	0.0	0.0	0.0	0	4.01	10	0.72	122.75	114.9	0	2023-04-09 05:00:00	N
1681020000	1.04987	2.03412	Thigh to waist	0.0	0	0.0	0.0	0.0	0	0.0	0	0.0	0.0	0.0	0	0.0	0	0.0	0.0	0.0	0	1.61	7	0.0	61.33	53.63	0	0.0	0	0.0	0.0	0.0	0	4.06	10	0.73	122.91	115.13	0	2023-04-09 06:00:00	N
1681023600	1.08268	2.06693	Thigh to waist	0.0	0	0.0	0.0	0.0	0	0.0	0	0.0	0.0	0.0	0	0.0	0	0.0	0.0	0.0	0	1.59	7	0.0	61.42	53.61	0	0.0	0	0.0	0.0	0.0	0	4.11	10	0.73	123.04	115.32	0	2023-04-09 07:00:00	N
1681027200	1.08268	2.09974	Thigh to waist	0.0	0	0.0	0.0	0.0	0	0.0	0	0.0	0.0	0.0	0	0.0	0	0.0	0.0	0.0	0	1.54	7	0.0	60.71	52.99	0	0.0	0	0.0	0.0	0.0	0	4.15	10	0.73	123.0	115.24	0	2023-04-09 08:00:00	N
1681030800	1.11549	2.13255	Thigh to waist	0.0	0	0.0	0.0	0.0	0	0.0	0	0.0	0.0	0.0	0	0.0	0	0.0	0.0	0.0	0	1.49	7	0.0	59.86	52.39	0	0.0	0	0.0	0.0	0.0	0	4.18	10	0.73	122.96	115.21	0	2023-04-09 09:00:00	N
1681034400	1.11549	2.13255	Thigh to waist	0.0	0	0.0	0.0	0.0	0	0.0	0	0.0	0.0	0.0	0	0.0	0	0.0	0.0	0.0	0	1.43	7	0.0	59.0	51.69	0	0.0	0	0.0	0.0	0.0	0	4.2	10	0.73	122.85	115.03	0	2023-04-09 10:00:00	N
1681038000	1.14829	2.13255	Thigh to waist	0.0	0	0.0	0.0	0.0	0	0.0	0	0.0	0.0	0.0	0	0.0	0	0.0	0.0	0.0	0	1.42	7	0.0	58.92	51.04	0	0.0	0	0.0	0.0	0.0	0	4.2	10	0.73	122.96	115.28	0	2023-04-09 11:00:00	N
1681041600	1.14829	2.13255	Thigh to waist	0.0	0	0.0	0.0	0.0	0	0.0	0	0.0	0.0	0.0	0	0.0	0	0.0	0.0	0.0	0	1.4	7	0.0	54.54	44.51	0	0.0	0	0.0	0.0	0.0	0	4.22	10	0.72	122.46	114.26	0	2023-04-09 12:00:00	N
1681045200	1.11549	2.13255	Thigh to waist	0.0	0	0.0	0.0	0.0	0	0.0	0	0.0	0.0	0.0	0	0.0	0	0.0	0.0	0.0	0	1.46	7	0.0	49.63	37.28	0	0.0	0	0.0	0.0	0.0	0	4.25	10	0.72	121.39	112.03	0	2023-04-09 13:00:00	N
1681048800	1.11549	2.13255	Thigh to waist	0.0	0	0.0	0.0	0.0	0	0.0	0	0.0	0.0	0.0	0	0.0	0	0.0	0.0	0.0	0	1.45	7	0.0	50.16	37.87	0	0.0	0	0.0	0.0	0.0	0	4.25	10	0.72	121.41	112.34	0	2023-04-09 14:00:00	N
1681052400	1.11549	2.09974	Thigh to waist	0.0	0	0.0	0.0	0.0	0	0.0	0	0.0	0.0	0.0	0	0.0	0	0.0	0.0	0.0	0	1.41	7	0.0	51.37	39.68	0	0.0	0	0.0	0.0	0.0	0	4.23	10	0.72	121.7	113.11	0	2023-04-09 15:00:00	N
1681056000	1.08268	2.09974	Thigh to waist	0.0	0	0.0	0.0	0.0	0	0.0	0	0.0	0.0	0.0	0	0.0	0	0.0	0.0	0.0	0	1.36	7	0.0	52.45	41.3	0	0.0	0	0.0	0.0	0.0	0	4.21	10	0.72	121.87	113.53	0	2023-04-09 16:00:00	N
1681059600	1.08268	2.06693	Thigh to waist	0.0	0	0.0	0.0	0.0	0	0.0	0	0.0	0.0	0.0	0	0.0	0	0.0	0.0	0.0	0	1.32	7	0.0	53.32	42.69	0	0.0	0	0.0	0.0	0.0	0	4.2	10	0.72	121.89	113.68	0	2023-04-09 17:00:00	N
1681063200	1.04987	2.06693	Thigh to waist	0.0	0	0.0	0.0	0.0	0	0.0	0	0.0	0.0	0.0	0	0.0	0	0.0	0.0	0.0	0	1.29	7	0.0	53.84	43.71	0	0.0	0	0.0	0.0	0.0	0	4.18	10	0.72	121.84	113.69	0	2023-04-09 18:00:00	N
1681066800	1.04987	2.03412	Thigh to waist	0.0	0	0.0	0.0	0.0	0	0.0	0	0.0	0.0	0.0	0	0.0	0	0.0	0.0	0.0	0	1.29	7	0.0	55.26	45.48	0	0.0	0	0.0	0.0	0.0	0	4.16	10	0.72	121.89	113.86	0	2023-04-09 19:00:00	N
1681070400	1.01706	2.00131	Thigh to waist	0.0	0	0.0	0.0	0.0	0	0.0	0	0.0	0.0	0.0	0	0.0	0	0.0	0.0	0.0	0	1.25	7	0.0	54.55	45.13	0	0.0	0	0.0	0.0	0.0	0	4.15	10	0.72	121.57	113.41	0	2023-04-09 20:00:00	N
1681074000	0.98425	2.00131	Thigh to waist	0.0	0	0.0	0.0	0.0	0	0.0	0	0.0	0.0	0.0	0	0.0	0	0.0	0.0	0.0	0	1.24	7	0.0	54.88	45.8	0	0.0	0	0.0	0.0	0.0	0	4.13	10	0.72	121.51	113.41	0	2023-04-09 21:00:00	N
1681077600	0.98425	1.9685	Knee to thigh	0.0	0	0.0	0.0	0.0	0	0.0	0	0.0	0.0	0.0	0	0.0	0	0.0	0.0	0.0	0	1.25	7	0.0	55.08	46.27	0	0.0	0	0.0	0.0	0.0	0	4.09	10	0.71	121.5	113.45	0	2023-04-09 22:00:00	Y
1681081200	0.95144	1.9685	Knee to thigh	0.0	0	0.0	0.0	0.0	0	0.0	0	0.0	0.0	0.0	0	0.0	0	0.0	0.0	0.0	0	1.23	7	0.0	54.71	46.16	0	0.0	0	0.0	0.0	0.0	0	4.08	10	0.71	121.5	113.23	0	2023-04-09 23:00:00	Y
1681084800	0.98425	1.9685	Knee to thigh	0.0	0	0.0	0.0	0.0	0	0.0	0	0.0	0.0	0.0	0	0.0	0	0.0	0.0	0.0	0	1.25	7	0.0	54.41	45.96	0	0.0	0	0.0	0.0	0.0	0	4.06	10	0.71	122.16	113.15	0	2023-04-10 00:00:00	Y
1681088400	1.01706	2.00131	Thigh to waist	0.0	0	0.0	0.0	0.0	0	0.75	4	0.0	43.38	33.21	0	0.0	0	0.0	0.0	0.0	0	1.07	7	0.0	60.18	54.15	0	0.0	0	0.0	0.0	0.0	0	4.07	9	0.78	123.92	113.52	0	2023-04-10 01:00:00	N
1681092000	1.04987	2.06693	Thigh to waist	0.0	0	0.0	0.0	0.0	0	0.0	0	0.0	0.0	0.0	0	0.0	0	0.0	0.0	0.0	0	1.14	7	0.0	56.61	49.02	0	0.0	0	0.0	0.0	0.0	0	4.19	9	0.73	123.97	110.08	0	2023-04-10 02:00:00	N
1681095600	1.08268	2.06693	Thigh to waist	1.62	4	0.27	190.96	177.4	0	1.24	4	0.0	41.98	31.56	0	0.0	0	0.0	0.0	0.0	0	1.05	7	0.0	60.53	54.57	0	0.0	0	0.0	0.0	0.0	0	3.85	9	0.6	120.46	114.07	0	2023-04-10 03:00:00	N
1681099200	1.14829	2.13255	Thigh to waist	1.81	4	0.29	192.82	179.08	0	1.72	4	0.0	39.49	27.57	0	0.0	0	0.0	0.0	0.0	0	1.0	7	0.0	61.14	55.37	0	0.0	0	0.0	0.0	0.0	0	3.81	9	0.59	120.7	114.36	0	2023-04-10 04:00:00	N
1681102800	1.14829	2.16535	Thigh to waist	1.97	5	0.31	191.06	176.97	0	2.33	4	0.0	34.02	20.44	0	0.0	0	0.0	0.0	0.0	0	0.96	7	0.0	62.46	56.53	0	0.0	0	0.0	0.0	0.0	0	3.75	9	0.57	120.5	114.54	0	2023-04-10 05:00:00	N
1681106400	1.14829	2.16535	Thigh to waist	1.94	5	0.29	192.9	179.56	0	3.19	5	0.0	36.94	23.83	0	0.0	0	0.0	0.0	0.0	0	0.0	0	0.0	0.0	0.0	0	0.0	0	0.0	0.0	0.0	0	3.74	9	0.54	120.84	114.72	0	2023-04-10 06:00:00	N
1681110000	1.11549	2.13255	Thigh to waist	1.93	5	0.3	191.08	177.81	0	3.64	5	0.0	38.46	25.09	0	0.0	0	0.0	0.0	0.0	0	0.0	0	0.0	0.0	0.0	0	0.0	0	0.0	0.0	0.0	0	3.68	9	0.53	121.05	115.4	0	2023-04-10 07:00:00	N
1681113600	1.11549	2.09974	Thigh to waist	1.86	5	0.29	192.26	179.57	0	3.89	5	0.0	39.5	25.94	0	0.0	0	0.0	0.0	0.0	0	0.0	0	0.0	0.0	0.0	0	0.0	0	0.0	0.0	0.0	0	3.65	10	0.53	121.38	115.75	0	2023-04-10 08:00:00	N
1681117200	1.08268	2.09974	Thigh to waist	1.82	5	0.29	192.7	180.28	0	4.03	5	0.0	40.38	26.85	0	0.0	0	0.0	0.0	0.0	0	0.0	0	0.0	0.0	0.0	0	0.0	0	0.0	0.0	0.0	0	3.64	10	0.54	121.15	115.44	0	2023-04-10 09:00:00	N
1681120800	1.04987	2.06693	Thigh to waist	1.74	5	0.28	194.11	182.3	0	4.18	5	0.0	41.26	27.75	0	0.0	0	0.0	0.0	0.0	0	0.0	0	0.0	0.0	0.0	0	0.0	0	0.0	0.0	0.0	0	3.62	10	0.54	121.21	115.5	0	2023-04-10 10:00:00	N
1681124400	1.04987	2.06693	Thigh to waist	1.64	5	0.27	196.01	184.84	0	4.3	5	0.0	41.65	28.05	0	0.0	0	0.0	0.0	0.0	0	0.0	0	0.0	0.0	0.0	0	0.0	0	0.0	0.0	0.0	0	3.61	10	0.55	121.44	115.57	0	2023-04-10 11:00:00	N
1681128000	1.01706	2.03412	Thigh to waist	1.54	5	0.26	197.58	187.15	0	4.43	6	0.0	41.75	27.83	0	0.0	0	0.0	0.0	0.0	0	0.0	0	0.0	0.0	0.0	0	0.0	0	0.0	0.0	0.0	0	3.57	10	0.56	121.88	116.15	0	2023-04-10 12:00:00	N
1681131600	0.98425	1.9685	Knee to thigh	1.51	5	0.26	196.46	185.79	0	4.48	6	0.0	41.02	26.76	0	0.0	0	0.0	0.0	0.0	0	0.0	0	0.0	0.0	0.0	0	0.0	0	0.0	0.0	0.0	0	3.54	10	0.55	121.59	116.02	0	2023-04-10 13:00:00	Y
1681135200	0.95144	1.9357	Knee to thigh	1.44	5	0.26	197.12	186.8	0	4.5	6	0.0	40.33	25.74	0	0.0	0	0.0	0.0	0.0	0	0.0	0	0.0	0.0	0.0	0	0.0	0	0.0	0.0	0.0	0	3.51	10	0.56	121.64	115.98	0	2023-04-10 14:00:00	Y
1681138800	0.91864	1.90289	Knee to thigh	1.38	5	0.25	197.08	186.96	0	4.49	5	0.0	39.86	25.02	0	0.0	0	0.0	0.0	0.0	0	0.0	0	0.0	0.0	0.0	0	0.0	0	0.0	0.0	0.0	0	3.48	10	0.56	121.6	115.94	0	2023-04-10 15:00:00	Y
1681142400	0.85302	1.83727	Knee to thigh	1.35	5	0.25	195.6	185.27	0	4.44	6	0.0	39.99	24.9	0	0.0	0	0.0	0.0	0.0	0	0.0	0	0.0	0.0	0.0	0	0.0	0	0.0	0.0	0.0	0	3.42	10	0.56	121.32	115.85	0	2023-04-10 16:00:00	Y
1681146000	0.82021	1.80446	Knee to thigh	1.28	5	0.24	196.17	186.25	0	4.39	6	0.0	40.21	24.85	0	0.0	0	0.0	0.0	0.0	0	0.0	0	0.0	0.0	0.0	0	0.0	0	0.0	0.0	0.0	0	3.38	10	0.56	121.32	115.8	0	2023-04-10 17:00:00	Y
1681149600	0.75459	1.77165	Knee to thigh	1.22	5	0.24	196.86	187.5	0	4.35	6	0.0	40.36	24.65	0	0.0	0	0.0	0.0	0.0	0	0.0	0	0.0	0.0	0.0	0	0.0	0	0.0	0.0	0.0	0	3.33	10	0.56	121.2	115.66	0	2023-04-10 18:00:00	Y
1681153200	0.68898	1.70604	Knee to thigh	1.18	5	0.24	196.84	187.7	0	4.31	6	0.0	40.62	24.51	0	0.0	0	0.0	0.0	0.0	0	0.0	0	0.0	0.0	0.0	0	0.0	0	0.0	0.0	0.0	0	3.29	9	0.56	120.99	115.5	0	2023-04-10 19:00:00	Y
1681156800	0.65617	1.64042	Knee to thigh	1.14	5	0.23	197.64	188.89	0	4.26	6	0.0	41.44	24.94	0	0.0	0	0.0	0.0	0.0	0	0.0	0	0.0	0.0	0.0	0	0.0	0	0.0	0.0	0.0	0	3.22	9	0.56	121.04	115.59	0	2023-04-10 20:00:00	Y
1681160400	0.62336	1.60761	Knee to thigh	1.11	5	0.23	198.2	189.62	0	4.15	6	0.0	41.94	25.25	0	0.0	0	0.0	0.0	0.0	0	0.0	0	0.0	0.0	0.0	0	0.0	0	0.0	0.0	0.0	0	3.18	9	0.56	120.78	115.31	0	2023-04-10 21:00:00	Y
1681164000	0.59055	1.5748	Knee to thigh	1.09	5	0.23	199.13	190.78	0	3.97	6	0.0	43.23	26.71	0	0.0	0	0.0	0.0	0.0	0	0.0	0	0.0	0.0	0.0	0	0.0	0	0.0	0.0	0.0	0	3.14	9	0.56	120.39	114.76	0	2023-04-10 22:00:00	Y
1681167600	0.52493	1.54199	Knee to thigh	1.08	5	0.23	199.16	190.56	0	3.73	6	0.0	45.51	29.41	0	0.0	0	0.0	0.0	0.0	0	0.0	0	0.0	0.0	0.0	0	0.0	0	0.0	0.0	0.0	0	3.08	9	0.56	120.16	114.62	0	2023-04-10 23:00:00	Y
1681171200	0.52493	1.54199	Knee to thigh	1.03	5	0.22	201.85	194.26	0	3.45	6	0.0	47.86	32.5	0	0.0	0	0.0	0.0	0.0	0	0.0	0	0.0	0.0	0.0	0	0.0	0	0.0	0.0	0.0	0	3.05	9	0.56	120.19	114.31	0	2023-04-11 00:00:00	Y
1681174800	0.49213	1.50919	Knee to thigh	1.0	5	0.22	202.27	194.76	0	3.21	6	0.0	50.77	36.2	0	0.0	0	0.0	0.0	0.0	0	0.0	0	0.0	0.0	0.0	0	0.0	0	0.0	0.0	0.0	0	2.99	9	0.56	120.24	114.38	0	2023-04-11 01:00:00	Y
1681178400	0.45932	1.47638	Knee to thigh	0.98	5	0.22	202.57	195.17	0	2.96	6	0.0	52.89	39.35	0	0.0	0	0.0	0.0	0.0	0	0.0	0	0.0	0.0	0.0	0	0.0	0	0.0	0.0	0.0	0	2.96	9	0.56	119.73	113.55	0	2023-04-11 02:00:00	Y
1681182000	0.42651	1.44357	Knee to thigh	0.97	5	0.22	202.64	194.97	0	2.75	6	0.0	55.3	42.86	0	0.0	0	0.0	0.0	0.0	0	0.0	0	0.0	0.0	0.0	0	0.0	0	0.0	0.0	0.0	0	2.92	9	0.56	119.69	113.41	0	2023-04-11 03:00:00	Y
1681185600	0.42651	1.41076	Knee to thigh	0.96	5	0.22	202.72	195.15	0	2.63	6	0.0	58.55	46.89	0	0.0	0	0.0	0.0	0.0	0	0.0	0	0.0	0.0	0.0	0	0.0	0	0.0	0.0	0.0	0	2.83	9	0.56	120.8	114.83	0	2023-04-11 04:00:00	Y
1681189200	0.3937	1.37795	Knee to thigh	1.0	5	0.23	199.82	191.39	0	2.42	6	0.0	58.76	48.2	0	0.0	0	0.0	0.0	0.0	0	0.0	0	0.0	0.0	0.0	0	0.0	0	0.0	0.0	0.0	0	2.83	9	0.55	119.6	113.25	0	2023-04-11 05:00:00	Y
1681192800	0.32808	1.34514	Knee to thigh	0.93	5	0.2	203.93	197.3	0	2.31	6	0.0	60.48	50.46	0	0.56	6	0.15	169.72	165.98	0	0.0	0	0.0	0.0	0.0	0	0.0	0	0.0	0.0	0.0	0	2.75	9	0.5	119.59	113.88	0	2023-04-11 06:00:00	Y
1681196400	0.36089	1.37795	Knee to thigh	1.07	6	0.25	197.52	189.13	0	2.2	6	0.0	61.28	51.71	0	0.0	0	0.0	0.0	0.0	0	0.0	0	0.0	0.0	0.0	0	0.0	0	0.0	0.0	0.0	0	2.74	9	0.53	120.38	113.92	0	2023-04-11 07:00:00	Y
1681200000	0.29528	1.27953	Knee to thigh	1.23	6	0.28	189.59	178.96	0	2.12	6	0.0	61.66	52.06	0	0.0	0	0.0	0.0	0.0	0	0.0	0	0.0	0.0	0.0	0	0.0	0	0.0	0.0	0.0	0	2.65	9	0.5	118.99	113.44	0	2023-04-11 08:00:00	Y
1681203600	0.29528	1.27953	Knee to thigh	0.0	0	0.0	0.0	0.0	0	2.08	7	0.0	60.65	49.81	0	0.87	6	0.21	173.68	168.41	0	0.0	0	0.0	0.0	0.0	0	0.87	6	0.18	207.86	201.7	0	2.61	9	0.47	119.36	113.9	0	2023-04-11 09:00:00	Y
1681207200	0.26247	1.27953	Knee to thigh	0.0	0	0.0	0.0	0.0	0	1.97	7	0.0	63.15	55.19	0	1.01	6	0.26	179.27	172.62	0	0.84	2	0.0	346.7	334.82	0	0.71	6	0.17	212.45	207.92	0	2.57	9	0.5	119.08	113.46	0	2023-04-11 10:00:00	Y
1681210800	0.22966	1.24672	Knee to thigh	0.0	0	0.0	0.0	0.0	0	2.01	7	0.0	63.32	54.81	0	0.97	6	0.25	175.16	168.93	0	0.96	2	0.0	344.88	331.38	0	0.79	6	0.18	210.0	205.31	0	2.48	9	0.49	119.51	114.46	0	2023-04-11 11:00:00	Y
1681214400	0.22966	1.21391	Knee to thigh	0.0	0	0.0	0.0	0.0	0	2.2	7	0.0	52.86	36.68	0	0.86	6	0.21	173.49	168.4	0	0.0	0	0.0	0.0	0.0	0	0.85	6	0.19	206.79	201.24	0	2.44	9	0.46	119.6	114.47	0	2023-04-11 12:00:00	Y
1681218000	0.16404	1.1811	Knee to thigh	1.18	6	0.29	189.66	179.87	0	2.13	8	0.0	55.04	40.13	0	0.0	0	0.0	0.0	0.0	0	0.0	0	0.0	0.0	0.0	0	0.0	0	0.0	0.0	0.0	0	2.39	9	0.48	119.45	114.36	0	2023-04-11 13:00:00	Y
1681221600	0.13123	1.14829	Knee to thigh	0.0	0	0.0	0.0	0.0	0	2.0	8	0.0	59.65	49.03	0	0.93	6	0.25	178.6	172.15	0	0.41	2	0.0	324.1	314.24	0	0.65	6	0.17	212.31	207.88	0	2.35	9	0.5	119.2	114.1	0	2023-04-11 14:00:00	Y
1681225200	0.06562	1.08268	Knee to thigh	0.0	0	0.0	0.0	0.0	0	1.97	8	0.0	59.36	47.54	0	0.9	6	0.23	178.86	172.47	0	0.0	0	0.0	0.0	0.0	0	0.63	6	0.15	213.17	207.2	0	2.31	9	0.46	119.06	113.91	0	2023-04-11 15:00:00	Y
1681228800	0.03281	1.04987	Knee to thigh	0.0	0	0.0	0.0	0.0	0	1.91	8	0.0	60.83	50.12	0	0.84	6	0.22	177.63	171.55	0	0.0	0	0.0	0.0	0.0	0	0.64	5	0.16	212.01	205.96	0	2.27	9	0.46	118.86	113.81	0	2023-04-11 16:00:00	Y
1681232400	0.0	1.01706	Knee to thigh	0.0	0	0.0	0.0	0.0	0	1.86	8	0.0	61.72	51.88	0	0.85	6	0.23	178.39	171.54	0	0.0	0	0.0	0.0	0.0	0	0.58	5	0.14	213.77	207.3	0	2.23	9	0.47	118.55	113.53	0	2023-04-11 17:00:00	Y
1681236000	0.0	0.98425	Shin to knee	0.0	0	0.0	0.0	0.0	0	1.83	8	0.0	62.34	53.05	0	0.81	5	0.22	179.85	173.24	0	0.0	0	0.0	0.0	0.0	0	0.54	5	0.14	213.99	208.2	0	2.19	8	0.47	118.54	113.47	0	2023-04-11 18:00:00	Y
1681239600	0.0	0.98425	Shin to knee	0.0	0	0.0	0.0	0.0	0	1.8	8	0.0	62.86	53.99	0	0.7	6	0.2	179.38	173.94	0	0.0	0	0.0	0.0	0.0	0	0.58	5	0.15	211.08	205.54	0	2.17	8	0.48	118.84	113.41	0	2023-04-11 19:00:00	Y
1681243200	0.0	0.95144	Shin to knee	0.89	5	0.25	190.77	181.15	0	1.76	8	0.0	63.31	54.75	0	0.0	0	0.0	0.0	0.0	0	0.0	0	0.0	0.0	0.0	0	0.0	0	0.0	0.0	0.0	0	2.12	8	0.49	118.48	113.35	0	2023-04-11 20:00:00	Y
1681246800	0.0	0.91864	Shin to knee	0.0	0	0.0	0.0	0.0	0	1.74	8	0.0	64.18	55.69	0	0.75	5	0.22	181.74	175.01	0	0.0	0	0.0	0.0	0.0	0	0.44	5	0.12	215.52	211.05	0	2.08	8	0.48	118.51	113.54	0	2023-04-11 21:00:00	Y
1681250400	0.0	0.91864	Shin to knee	0.83	5	0.24	191.27	182.12	0	1.71	8	0.0	64.58	56.27	0	0.0	0	0.0	0.0	0.0	0	0.0	0	0.0	0.0	0.0	0	0.0	0	0.0	0.0	0.0	0	2.05	8	0.49	118.71	113.62	0	2023-04-11 22:00:00	Y
1681254000	0.0	0.91864	Shin to knee	0.81	5	0.24	191.51	182.62	0	1.67	8	0.0	64.88	56.74	0	0.0	0	0.0	0.0	0.0	0	0.0	0	0.0	0.0	0.0	0	0.0	0	0.0	0.0	0.0	0	2.02	8	0.49	118.7	113.58	0	2023-04-11 23:00:00	Y
1681257600	0.0	0.88583	Shin to knee	0.79	5	0.24	191.76	183.09	0	1.63	8	0.0	64.66	56.92	0	0.0	0	0.0	0.0	0.0	0	0.0	0	0.0	0.0	0.0	0	0.0	0	0.0	0.0	0.0	0	1.99	8	0.49	118.5	113.31	0	2023-04-12 00:00:00	Y
1681261200	0.0	0.88583	Shin to knee	0.78	5	0.24	191.62	183.13	0	1.59	8	0.0	64.79	57.26	0	0.0	0	0.0	0.0	0.0	0	0.0	0	0.0	0.0	0.0	0	0.0	0	0.0	0.0	0.0	0	1.96	8	0.48	118.39	113.24	0	2023-04-12 01:00:00	Y
1681264800	0.0	0.85302	Shin to knee	0.78	5	0.24	191.77	183.45	0	1.56	8	0.0	64.94	57.58	0	0.0	0	0.0	0.0	0.0	0	0.0	0	0.0	0.0	0.0	0	0.0	0	0.0	0.0	0.0	0	1.93	8	0.48	118.32	113.14	0	2023-04-12 02:00:00	Y
1681268400	0.0	0.85302	Shin to knee	0.74	5	0.23	191.45	183.14	0	1.52	8	0.0	64.78	57.7	0	0.0	0	0.0	0.0	0.0	0	0.17	6	0.09	200.0	200.0	0	0.0	0	0.0	0.0	0.0	0	1.91	8	0.49	118.13	112.87	0	2023-04-12 03:00:00	Y
1681272000	0.0	0.85302	Shin to knee	0.76	5	0.24	191.8	183.69	0	1.5	8	0.0	65.04	58.02	0	0.0	0	0.0	0.0	0.0	0	0.0	0	0.0	0.0	0.0	0	0.0	0	0.0	0.0	0.0	0	1.88	8	0.48	118.13	112.97	0	2023-04-12 04:00:00	Y
1681275600	0.0	0.85302	Shin to knee	0.72	5	0.23	193.39	185.99	0	1.47	7	0.0	65.01	58.12	0	0.0	0	0.0	0.0	0.0	0	0.0	0	0.0	0.0	0.0	0	0.0	0	0.0	0.0	0.0	0	1.86	8	0.48	118.31	112.84	0	2023-04-12 05:00:00	Y
1681279200	0.0	0.82021	Shin to knee	0.71	5	0.23	193.52	186.21	0	1.44	7	0.0	65.04	58.24	0	0.0	0	0.0	0.0	0.0	0	0.0	0	0.0	0.0	0.0	0	0.0	0	0.0	0.0	0.0	0	1.82	8	0.48	118.28	112.82	0	2023-04-12 06:00:00	Y
1681282800	0.0	0.82021	Shin to knee	0.68	5	0.22	193.85	186.7	0	1.4	7	0.0	65.09	58.3	0	0.0	0	0.0	0.0	0.0	0	0.0	0	0.0	0.0	0.0	0	0.0	0	0.0	0.0	0.0	0	1.79	8	0.48	118.29	112.8	0	2023-04-12 07:00:00	Y
1681286400	0.0	0.7874	Shin to knee	0.67	5	0.22	193.11	185.57	0	1.36	7	0.0	65.04	58.31	0	0.0	0	0.0	0.0	0.0	0	0.0	0	0.0	0.0	0.0	0	0.0	0	0.0	0.0	0.0	0	1.76	8	0.48	118.09	112.77	0	2023-04-12 08:00:00	Y
1681290000	0.0	0.7874	Shin to knee	0.67	5	0.22	196.48	188.61	0	1.32	7	0.0	65.47	58.47	0	0.0	0	0.0	0.0	0.0	0	0.0	0	0.0	0.0	0.0	0	0.0	0	0.0	0.0	0.0	0	1.73	8	0.47	118.37	112.94	0	2023-04-12 09:00:00	Y
1681293600	0.0	0.82021	Shin to knee	0.75	5	0.24	204.3	193.88	0	1.27	7	0.0	65.36	58.35	0	0.0	0	0.0	0.0	0.0	0	0.0	0	0.0	0.0	0.0	0	0.0	0	0.0	0.0	0.0	0	1.7	8	0.46	118.34	112.84	0	2023-04-12 10:00:00	Y
1681297200	0.0	0.75459	Shin to knee	0.58	5	0.21	193.49	186.27	0	1.22	7	0.0	65.38	58.31	0	0.59	2	0.1	226.38	214.39	0	0.0	0	0.0	0.0	0.0	0	0.0	0	0.0	0.0	0.0	0	1.66	8	0.48	118.17	112.83	0	2023-04-12 11:00:00	Y
1681300800	0.0	0.7874	Shin to knee	0.52	5	0.2	195.52	189.15	0	1.18	7	0.0	65.76	58.49	0	0.61	2	0.11	229.95	217.37	0	0.0	0	0.0	0.0	0.0	0	0.0	0	0.0	0.0	0.0	0	1.64	8	0.48	118.61	112.98	0	2023-04-12 12:00:00	Y
1681304400	0.0	0.7874	Shin to knee	0.0	0	0.0	0.0	0.0	0	1.13	7	0.0	65.88	58.54	0	0.0	0	0.0	0.0	0.0	0	0.0	0	0.0	0.0	0.0	0	0.79	5	0.23	214.32	200.71	0	1.61	8	0.45	118.51	112.97	0	2023-04-12 13:00:00	Y
1681308000	0.0	0.7874	Shin to knee	0.0	0	0.0	0.0	0.0	0	1.1	7	0.0	66.25	58.75	0	0.0	0	0.0	0.0	0.0	0	0.0	0	0.0	0.0	0.0	0	0.81	5	0.25	211.0	197.36	0	1.58	8	0.44	118.48	113.09	0	2023-04-12 14:00:00	Y
1681311600	0.0	0.82021	Shin to knee	0.83	5	0.28	197.2	186.75	0	1.05	7	0.0	65.93	58.63	0	0.0	0	0.0	0.0	0.0	0	0.37	3	0.05	252.4	246.04	0	0.0	0	0.0	0.0	0.0	0	1.56	8	0.45	118.44	112.93	0	2023-04-12 15:00:00	Y
1681315200	0.0	0.82021	Shin to knee	0.0	0	0.0	0.0	0.0	0	1.01	7	0.0	65.71	58.5	0	1.14	2	0.25	194.76	178.15	0	0.0	0	0.0	0.0	0.0	0	0.0	0	0.0	0.0	0.0	0	1.53	8	0.44	118.24	112.79	0	2023-04-12 16:00:00	Y
1681318800	0.0	0.95144	Shin to knee	0.0	0	0.0	0.0	0.0	0	0.97	7	0.0	65.72	58.49	0	1.25	3	0.28	185.88	168.49	0	0.0	0	0.0	0.0	0.0	0	0.0	0	0.0	0.0	0.0	0	1.5	8	0.41	118.2	112.81	0	2023-04-12 17:00:00	Y
1681322400	0.03281	1.01706	Knee to thigh	0.0	0	0.0	0.0	0.0	0	0.94	7	0.0	65.89	58.6	0	1.39	3	0.31	179.54	163.15	0	0.0	0	0.0	0.0	0.0	0	0.0	0	0.0	0.0	0.0	0	1.47	8	0.39	118.1	112.82	0	2023-04-12 18:00:00	Y
1681326000	0.13123	1.11549	Knee to thigh	0.0	0	0.0	0.0	0.0	0	0.91	7	0.0	66.56	59.0	0	1.57	3	0.34	176.39	160.7	0	0.0	0	0.0	0.0	0.0	0	0.0	0	0.0	0.0	0.0	0	1.44	8	0.37	118.03	113.02	0	2023-04-12 19:00:00	Y
1681329600	0.22966	1.24672	Knee to thigh	0.0	0	0.0	0.0	0.0	0	0.88	7	0.0	66.79	59.16	0	1.78	3	0.37	175.18	159.68	0	0.0	0	0.0	0.0	0.0	0	0.17	12	0.1	120.72	118.39	0	1.4	8	0.35	117.72	113.01	0	2023-04-12 20:00:00	Y
1681333200	0.36089	1.37795	Knee to thigh	0.0	0	0.0	0.0	0.0	0	0.85	7	0.0	67.05	59.36	0	2.0	3	0.41	175.62	160.09	0	0.0	0	0.0	0.0	0.0	0	0.0	0	0.0	0.0	0.0	0	1.37	8	0.33	117.6	113.02	0	2023-04-12 21:00:00	Y
1681336800	0.49213	1.47638	Knee to thigh	0.0	0	0.0	0.0	0.0	0	0.82	7	0.0	67.24	59.53	0	2.21	4	0.44	175.5	159.57	0	0.0	0	0.0	0.0	0.0	0	0.21	12	0.1	116.78	113.81	0	1.32	8	0.29	117.33	112.84	0	2023-04-12 22:00:00	Y
1681340400	0.59055	1.5748	Knee to thigh	0.0	0	0.0	0.0	0.0	0	0.79	7	0.01	68.29	60.17	0	2.35	4	0.44	176.08	159.97	0	0.0	0	0.0	0.0	0.0	0	0.26	12	0.11	117.67	114.99	0	1.3	8	0.28	117.58	113.05	0	2023-04-12 23:00:00	Y
1681344000	0.65617	1.64042	Knee to thigh	0.0	0	0.0	0.0	0.0	0	0.75	7	0.01	68.6	60.47	0	2.46	4	0.46	175.96	159.58	0	0.0	0	0.0	0.0	0.0	0	0.26	12	0.11	117.5	114.85	0	1.28	8	0.26	117.21	112.54	0	2023-04-13 00:00:00	Y
1681347600	0.75459	1.73885	Knee to thigh	0.0	0	0.0	0.0	0.0	0	0.72	7	0.01	69.17	61.04	0	2.63	4	0.48	175.92	159.37	0	0.0	0	0.0	0.0	0.0	0	0.23	12	0.09	116.19	113.01	0	1.24	8	0.27	117.52	113.04	0	2023-04-13 01:00:00	Y
1681351200	0.88583	1.87008	Knee to thigh	0.0	0	0.0	0.0	0.0	0	0.68	7	0.01	69.77	61.66	0	2.84	4	0.51	176.18	159.77	0	0.0	0	0.0	0.0	0.0	0	0.23	12	0.09	115.06	111.0	0	1.22	8	0.24	117.27	112.88	0	2023-04-13 02:00:00	Y
1681354800	1.04987	2.03412	Thigh to waist	0.0	0	0.0	0.0	0.0	0	0.65	7	0.01	70.56	62.48	0	3.09	4	0.53	176.37	160.17	0	0.0	0	0.0	0.0	0.0	0	0.23	12	0.09	115.12	111.12	0	1.2	7	0.23	117.32	112.93	0	2023-04-13 03:00:00	N
1681358400	1.1811	2.16535	Thigh to waist	0.0	0	0.0	0.0	0.0	0	0.62	7	0.01	71.2	63.28	0	3.33	4	0.55	175.75	159.28	0	0.0	0	0.0	0.0	0.0	0	0.25	12	0.08	112.36	107.05	0	1.14	7	0.22	118.0	113.73	0	2023-04-13 04:00:00	N
1681362000	1.27953	2.26378	Thigh to waist	0.0	0	0.0	0.0	0.0	0	0.59	8	0.01	72.03	64.18	0	3.54	5	0.57	175.48	158.82	0	0.0	0	0.0	0.0	0.0	0	0.25	12	0.08	112.13	106.87	0	1.08	7	0.2	117.5	113.26	0	2023-04-13 05:00:00	N
1681365600	1.37795	2.3622	Thigh to waist	0.0	0	0.0	0.0	0.0	0	0.55	8	0.01	71.54	64.5	0	3.73	5	0.58	175.79	159.06	0	0.0	0	0.0	0.0	0.0	0	0.24	12	0.08	112.7	107.46	0	1.08	7	0.19	117.38	113.09	0	2023-04-13 06:00:00	N
1681369200	1.41076	2.42782	Thigh to waist	0.0	0	0.0	0.0	0.0	0	0.53	8	0.01	72.29	65.4	0	3.9	5	0.6	176.07	159.22	0	0.0	0	0.0	0.0	0.0	0	0.24	12	0.08	112.75	107.52	0	1.08	7	0.18	117.43	113.11	0	2023-04-13 07:00:00	N
1681372800	1.47638	2.46063	Thigh to waist	0.0	0	0.0	0.0	0.0	0	0.5	8	0.01	72.49	65.84	0	4.08	5	0.62	175.68	158.48	0	0.0	0	0.0	0.0	0.0	0	0.26	12	0.07	108.25	101.07	0	1.0	8	0.17	117.45	113.27	0	2023-04-13 08:00:00	N
1681376400	1.47638	2.49344	Thigh to waist	0.0	0	0.0	0.0	0.0	0	0.48	8	0.02	73.17	66.63	0	4.22	5	0.62	175.71	158.22	0	0.0	0	0.0	0.0	0.0	0	0.25	12	0.07	108.27	101.12	0	1.01	7	0.17	117.48	113.27	0	2023-04-13 09:00:00	N
1681380000	1.47638	2.46063	Thigh to waist	0.0	0	0.0	0.0	0.0	0	0.47	8	0.02	74.6	67.94	0	4.31	5	0.63	174.9	157.28	0	0.0	0	0.0	0.0	0.0	0	0.25	12	0.07	117.22	114.72	0	0.99	7	0.16	115.85	111.45	0	2023-04-13 10:00:00	N
1681383600	1.44357	2.42782	Thigh to waist	0.0	0	0.0	0.0	0.0	0	0.44	8	0.02	74.36	68.0	0	4.32	6	0.63	173.62	155.88	0	0.0	0	0.0	0.0	0.0	0	0.2	12	0.07	115.71	113.24	0	1.01	7	0.16	115.92	111.5	0	2023-04-13 11:00:00	N
1681387200	1.37795	2.39501	Thigh to waist	0.0	0	0.0	0.0	0.0	0	0.44	8	0.02	74.82	68.45	0	4.23	6	0.62	173.02	155.31	0	0.0	0	0.0	0.0	0.0	0	0.2	12	0.07	113.89	109.78	0	1.1	7	0.17	116.57	112.43	0	2023-04-13 12:00:00	N
1681390800	1.31234	2.29659	Thigh to waist	0.0	0	0.0	0.0	0.0	0	0.39	8	0.02	73.08	67.15	0	4.25	6	0.71	167.69	149.12	0	0.0	0	0.0	0.0	0.0	0	0.0	0	0.0	0.0	0.0	0	0.0	0	0.0	0.0	0.0	0	2023-04-13 13:00:00	N
1681394400	1.21391	2.19816	Thigh to waist	0.0	0	0.0	0.0	0.0	0	0.32	8	0.01	68.01	63.65	0	4.1	6	0.71	166.24	147.48	0	0.0	0	0.0	0.0	0.0	0	0.0	0	0.0	0.0	0.0	0	0.0	0	0.0	0.0	0.0	0	2023-04-13 14:00:00	N
1681398000	1.11549	2.13255	Thigh to waist	0.0	0	0.0	0.0	0.0	0	0.32	8	0.01	69.06	64.24	0	3.97	6	0.71	164.69	145.79	0	0.0	0	0.0	0.0	0.0	0	0.0	0	0.0	0.0	0.0	0	0.0	0	0.0	0.0	0.0	0	2023-04-13 15:00:00	N
1681401600	1.08268	2.06693	Thigh to waist	0.0	0	0.0	0.0	0.0	0	0.31	8	0.01	69.13	64.27	0	3.91	6	0.71	164.24	145.15	0	0.0	0	0.0	0.0	0.0	0	0.0	0	0.0	0.0	0.0	0	0.0	0	0.0	0.0	0.0	0	2023-04-13 16:00:00	N
1681405200	1.11549	2.09974	Thigh to waist	0.0	0	0.0	0.0	0.0	0	0.28	8	0.0	68.19	63.36	0	3.95	6	0.71	164.94	145.68	0	0.0	0	0.0	0.0	0.0	0	0.0	0	0.0	0.0	0.0	0	0.0	0	0.0	0.0	0.0	0	2023-04-13 17:00:00	N
1681408800	1.1811	2.16535	Thigh to waist	0.18	10	0.03	84.83	81.18	0	0.26	8	0.0	66.97	62.68	0	4.04	6	0.75	166.63	147.33	0	0.0	0	0.0	0.0	0.0	0	0.0	0	0.0	0.0	0.0	0	0.0	0	0.0	0.0	0.0	0	2023-04-13 18:00:00	N
1681412400	1.1811	2.19816	Thigh to waist	0.0	0	0.0	0.0	0.0	0	0.32	9	0.02	74.74	68.42	0	4.05	6	0.68	166.91	147.66	0	0.0	0	0.0	0.0	0.0	0	0.34	11	0.1	116.77	113.34	0	0.0	0	0.0	0.0	0.0	0	2023-04-13 19:00:00	N
1681416000	1.14829	2.13255	Thigh to waist	0.0	0	0.0	0.0	0.0	0	0.31	9	0.02	75.02	68.64	0	3.99	6	0.68	165.55	146.33	0	0.0	0	0.0	0.0	0.0	0	0.35	11	0.1	116.66	113.27	0	0.0	0	0.0	0.0	0.0	0	2023-04-13 20:00:00	N
1681419600	1.08268	2.09974	Thigh to waist	0.0	0	0.0	0.0	0.0	0	0.31	9	0.01	76.53	69.73	0	0.0	0	0.0	0.0	0.0	0	1.82	5	0.24	225.21	215.25	0	0.35	11	0.09	116.65	113.27	0	3.44	6	0.53	148.61	135.84	0	2023-04-13 21:00:00	N
1681423200	1.04987	2.03412	Thigh to waist	0.0	0	0.0	0.0	0.0	0	0.3	9	0.01	76.76	69.85	0	0.0	0	0.0	0.0	0.0	0	1.74	5	0.23	225.33	215.47	0	0.37	11	0.1	117.89	114.14	0	3.39	6	0.53	147.99	135.18	0	2023-04-13 22:00:00	N
1681426800	1.01706	2.00131	Thigh to waist	0.0	0	0.0	0.0	0.0	0	0.28	9	0.01	75.8	69.13	0	0.0	0	0.0	0.0	0.0	0	1.69	5	0.23	224.76	215.04	0	0.41	11	0.1	113.56	106.94	0	3.36	6	0.52	147.39	134.6	0	2023-04-13 23:00:00	N
1681430400	0.98425	1.9685	Knee to thigh	0.0	0	0.0	0.0	0.0	0	0.27	9	0.02	76.41	69.7	0	3.74	6	0.66	160.71	141.9	0	0.0	0	0.0	0.0	0.0	0	0.41	11	0.11	113.73	107.25	0	0.0	0	0.0	0.0	0.0	0	2023-04-14 00:00:00	Y
1681434000	0.98425	2.00131	Thigh to waist	0.0	0	0.0	0.0	0.0	0	0.26	9	0.01	74.9	68.64	0	0.0	0	0.0	0.0	0.0	0	1.63	5	0.23	223.99	214.57	0	0.41	11	0.11	113.67	107.3	0	3.35	6	0.53	146.95	134.1	0	2023-04-14 01:00:00	N
1681437600	0.98425	1.9685	Knee to thigh	0.0	0	0.0	0.0	0.0	0	0.23	9	0.01	75.5	68.95	0	0.0	0	0.0	0.0	0.0	0	1.59	5	0.22	223.71	214.36	0	0.42	11	0.11	113.57	107.26	0	3.35	6	0.53	146.57	133.7	0	2023-04-14 02:00:00	Y
1681441200	0.91864	1.9357	Knee to thigh	0.0	0	0.0	0.0	0.0	0	0.2	9	0.0	71.46	65.91	0	3.68	6	0.66	157.87	139.55	0	0.0	0	0.0	0.0	0.0	0	0.43	11	0.12	113.18	106.76	0	0.0	0	0.0	0.0	0.0	0	2023-04-14 03:00:00	Y
1681444800	0.88583	1.90289	Knee to thigh	0.0	0	0.0	0.0	0.0	0	0.2	9	0.0	71.2	65.5	0	3.66	6	0.66	156.92	138.82	0	0.0	0	0.0	0.0	0.0	0	0.44	11	0.12	112.66	106.06	0	0.0	0	0.0	0.0	0.0	0	2023-04-14 04:00:00	Y
1681448400	0.88583	1.87008	Knee to thigh	0.0	0	0.0	0.0	0.0	0	0.18	9	0.0	68.44	63.36	0	3.63	6	0.66	156.01	138.14	0	0.0	0	0.0	0.0	0.0	0	0.45	11	0.12	111.84	104.77	0	0.0	0	0.0	0.0	0.0	0	2023-04-14 05:00:00	Y
1681452000	0.85302	1.87008	Knee to thigh	0.0	0	0.0	0.0	0.0	0	0.18	9	0.0	69.42	64.21	0	3.59	6	0.66	155.34	137.68	0	0.0	0	0.0	0.0	0.0	0	0.47	11	0.12	111.62	104.73	0	0.0	0	0.0	0.0	0.0	0	2023-04-14 06:00:00	Y
1681455600	0.82021	1.83727	Knee to thigh	0.0	0	0.0	0.0	0.0	0	0.21	9	0.01	76.11	69.53	0	3.55	6	0.65	154.67	137.22	0	0.0	0	0.0	0.0	0.0	0	0.46	11	0.12	112.33	105.61	0	0.0	0	0.0	0.0	0.0	0	2023-04-14 07:00:00	Y
1681459200	0.7874	1.80446	Knee to thigh	0.0	0	0.0	0.0	0.0	0	0.0	0	0.0	0.0	0.0	0	3.51	6	0.61	154.04	136.65	0	0.0	0	0.0	0.0	0.0	0	0.47	11	0.11	112.2	105.43	0	0.0	0	0.0	0.0	0.0	0	2023-04-14 08:00:00	Y
1681462800	0.7874	1.77165	Knee to thigh	0.0	0	0.0	0.0	0.0	0	0.0	0	0.0	0.0	0.0	0	3.46	6	0.61	153.68	136.45	0	0.0	0	0.0	0.0	0.0	0	0.47	11	0.11	111.75	104.7	0	0.0	0	0.0	0.0	0.0	0	2023-04-14 09:00:00	Y
1681466400	0.75459	1.77165	Knee to thigh	0.0	0	0.0	0.0	0.0	0	0.0	0	0.0	0.0	0.0	0	3.42	6	0.61	153.69	136.65	0	0.0	0	0.0	0.0	0.0	0	0.48	11	0.12	111.43	104.32	0	0.0	0	0.0	0.0	0.0	0	2023-04-14 10:00:00	Y
1681470000	0.75459	1.73885	Knee to thigh	0.0	0	0.0	0.0	0.0	0	0.0	0	0.0	0.0	0.0	0	3.4	6	0.61	153.55	136.66	0	0.0	0	0.0	0.0	0.0	0	0.48	11	0.12	111.62	104.59	0	0.0	0	0.0	0.0	0.0	0	2023-04-14 11:00:00	Y
1681473600	0.75459	1.73885	Knee to thigh	0.0	0	0.0	0.0	0.0	0	0.0	0	0.0	0.0	0.0	0	3.39	6	0.61	153.54	136.81	0	0.0	0	0.0	0.0	0.0	0	0.47	11	0.12	111.67	104.66	0	0.0	0	0.0	0.0	0.0	0	2023-04-14 12:00:00	Y
1681477200	0.75459	1.77165	Knee to thigh	0.0	0	0.0	0.0	0.0	0	0.0	0	0.0	0.0	0.0	0	3.41	6	0.61	153.49	136.99	0	0.0	0	0.0	0.0	0.0	0	0.47	11	0.11	111.78	104.77	0	0.0	0	0.0	0.0	0.0	0	2023-04-14 13:00:00	Y
1681480800	0.7874	1.80446	Knee to thigh	0.0	0	0.0	0.0	0.0	0	0.0	0	0.0	0.0	0.0	0	3.44	6	0.62	153.54	137.3	0	0.0	0	0.0	0.0	0.0	0	0.45	11	0.11	110.57	103.79	0	0.0	0	0.0	0.0	0.0	0	2023-04-14 14:00:00	Y
1681484400	0.85302	1.87008	Knee to thigh	0.0	0	0.0	0.0	0.0	0	0.0	0	0.0	0.0	0.0	0	3.5	6	0.62	153.64	137.72	0	0.0	0	0.0	0.0	0.0	0	0.44	11	0.11	112.13	104.88	0	0.0	0	0.0	0.0	0.0	0	2023-04-14 15:00:00	Y
1681488000	0.91864	1.9357	Knee to thigh	0.0	0	0.0	0.0	0.0	0	0.0	0	0.0	0.0	0.0	0	3.57	6	0.63	153.79	138.23	0	0.0	0	0.0	0.0	0.0	0	0.43	11	0.1	108.8	100.54	0	0.0	0	0.0	0.0	0.0	0	2023-04-14 16:00:00	Y
1681491600	0.98425	2.00131	Thigh to waist	0.0	0	0.0	0.0	0.0	0	0.0	0	0.0	0.0	0.0	0	3.66	6	0.64	153.93	138.76	0	0.0	0	0.0	0.0	0.0	0	0.43	11	0.1	109.09	100.88	0	0.0	0	0.0	0.0	0.0	0	2023-04-14 17:00:00	N
1681495200	1.08268	2.06693	Thigh to waist	0.0	0	0.0	0.0	0.0	0	0.0	0	0.0	0.0	0.0	0	3.75	7	0.64	154.08	139.28	1	0.0	0	0.0	0.0	0.0	0	0.42	11	0.1	109.01	100.67	0	0.0	0	0.0	0.0	0.0	0	2023-04-14 18:00:00	N
1681498800	1.11549	2.13255	Thigh to waist	0.0	0	0.0	0.0	0.0	0	0.0	0	0.0	0.0	0.0	0	3.82	7	0.65	154.04	139.56	1	0.0	0	0.0	0.0	0.0	0	0.42	11	0.1	108.45	99.98	0	0.0	0	0.0	0.0	0.0	0	2023-04-14 19:00:00	N
1681502400	1.14829	2.16535	Thigh to waist	0.0	0	0.0	0.0	0.0	0	0.0	0	0.0	0.0	0.0	0	3.86	7	0.65	153.87	139.59	1	0.0	0	0.0	0.0	0.0	0	0.41	11	0.1	108.69	100.34	0	0.0	0	0.0	0.0	0.0	0	2023-04-14 20:00:00	N
1681506000	1.14829	2.16535	Thigh to waist	0.0	0	0.0	0.0	0.0	0	0.0	0	0.0	0.0	0.0	0	3.86	7	0.65	153.47	139.3	1	0.0	0	0.0	0.0	0.0	0	0.4	11	0.09	109.59	101.43	0	0.0	0	0.0	0.0	0.0	0	2023-04-14 21:00:00	N
1681509600	1.14829	2.13255	Thigh to waist	0.0	0	0.0	0.0	0.0	0	0.0	0	0.0	0.0	0.0	0	3.83	7	0.65	152.94	138.79	1	0.0	0	0.0	0.0	0.0	0	0.4	11	0.09	109.33	101.12	0	0.0	0	0.0	0.0	0.0	0	2023-04-14 22:00:00	N
1681513200	1.11549	2.09974	Thigh to waist	0.0	0	0.0	0.0	0.0	0	0.0	0	0.0	0.0	0.0	0	3.79	7	0.65	152.16	137.98	1	0.0	0	0.0	0.0	0.0	0	0.39	11	0.09	109.83	101.54	0	0.0	0	0.0	0.0	0.0	0	2023-04-14 23:00:00	N
1681516800	1.04987	2.06693	Thigh to waist	0.0	0	0.0	0.0	0.0	0	0.0	0	0.0	0.0	0.0	0	3.73	7	0.65	151.32	137.12	1	0.0	0	0.0	0.0	0.0	0	0.39	11	0.09	109.8	101.47	0	0.0	0	0.0	0.0	0.0	0	2023-04-15 00:00:00	N
1681520400	1.01706	2.03412	Thigh to waist	0.0	0	0.0	0.0	0.0	0	0.0	0	0.0	0.0	0.0	0	3.71	7	0.66	149.99	135.72	1	0.0	0	0.0	0.0	0.0	0	0.0	0	0.0	0.0	0.0	0	0.0	0	0.0	0.0	0.0	0	2023-04-15 01:00:00	N
1681524000	0.98425	2.00131	Thigh to waist	0.0	0	0.0	0.0	0.0	0	0.0	0	0.0	0.0	0.0	0	3.65	7	0.66	149.14	134.9	1	0.0	0	0.0	0.0	0.0	0	0.0	0	0.0	0.0	0.0	0	0.0	0	0.0	0.0	0.0	0	2023-04-15 02:00:00	N
1681527600	0.95144	1.9685	Knee to thigh	0.0	0	0.0	0.0	0.0	0	0.0	0	0.0	0.0	0.0	0	3.61	7	0.66	148.18	134.02	1	0.0	0	0.0	0.0	0.0	0	0.0	0	0.0	0.0	0.0	0	0.0	0	0.0	0.0	0.0	0	2023-04-15 03:00:00	Y
